name,nation,position,team,age,born,played,starts,minutes,goals,assists,penalty_kicks,penalty_kick_attempts,yellow,red,expected_goals,progressive_carries,progressive_passes,received_progressive_passes,Weekly,Annual,players,age_team,possession,goals_team,assists_team,penalty_kicks_team,penalty_kick_attempts_team,yellows,reds,expected_goals_team,expected_assists,progressive_carries_team,progressive_passes_team
Max Aarons,England,DF,Bournemouth,25.0,2000.0,3,1,86,0,0,0,0,0,0,0.0,1,8,3,42744,2222679,29,25.9,48.1,55,39,6,7,97,3,62.4,42.6,732,1438
Tyler Adams,United States,MF,Bournemouth,26.0,1999.0,27,20,1875,0,3,0,0,7,0,1.6,13,71,10,73275,3810307,29,25.9,48.1,55,39,6,7,97,3,62.4,42.6,732,1438
Tosin Adarabioyo,England,DF,Chelsea,27.0,1997.0,21,14,1319,1,1,0,0,3,0,0.9,5,39,1,146550,7620614,29,24.5,57.3,60,46,4,5,99,2,66.7,51.6,848,1573
Simon Adingra,Cote dIvoire,"FW,MF",Brighton,23.0,2002.0,28,11,1052,2,2,0,0,0,0,2.4,50,18,128,15266,793814,32,25.7,52.0,60,40,6,6,77,3,56.5,39.7,798,1478
Emmanuel Agbadou,Cote dIvoire,DF,Wolves,27.0,1997.0,15,15,1320,1,0,0,0,3,0,0.8,5,30,2,60410,3141339,31,27.7,48.1,52,41,0,0,77,2,42.6,34.6,587,1148
Ola Aina,Nigeria,DF,Nott'ham Forest,28.0,1996.0,34,34,2913,2,1,0,0,4,0,0.6,65,104,59,48850,2540205,23,27.0,40.9,57,42,3,3,88,2,44.3,32.1,610,1079
Rayan Aït-Nouri,Algeria,DF,Wolves,23.0,2001.0,36,36,3045,4,7,0,0,7,1,2.6,89,107,171,12213,635051,31,27.7,48.1,52,41,0,0,77,2,42.6,34.6,587,1148
Kristoffer Ajer,Norway,DF,Brentford,27.0,1998.0,23,17,1433,0,0,0,0,5,0,0.8,27,55,44,48850,2540205,28,26.6,47.8,64,43,5,6,61,1,57.6,41.3,579,1318
Manuel Akanji,Switzerland,DF,Manchester City,29.0,1995.0,25,22,1924,0,0,0,0,3,0,1.1,43,155,6,219825,11430921,29,27.6,61.6,69,51,2,3,59,2,65.2,52.5,1112,1890
Nathan Aké,Netherlands,DF,Manchester City,30.0,1995.0,10,8,678,0,0,0,0,0,0,0.2,12,50,2,195400,10160818,29,27.6,61.6,69,51,2,3,59,2,65.2,52.5,1112,1890
Carlos Alcaraz,Argentina,"FW,MF",Everton,22.0,2002.0,14,6,689,1,3,0,0,4,0,1.4,17,41,20,26849,1396151,26,28.8,41.1,38,26,2,2,78,2,40.6,31.5,474,1027
Trent Alexander-Arnold,England,DF,Liverpool,26.0,1998.0,32,28,2320,3,6,0,0,5,0,1.9,50,228,90,219825,11430921,24,28.0,57.4,84,64,9,9,65,2,80.0,59.6,801,1846
Alisson,Brazil,GK,Liverpool,32.0,1992.0,27,27,2418,0,0,0,0,0,0,0.0,0,1,0,183188,9525767,24,28.0,57.4,84,64,9,9,65,2,80.0,59.6,801,1846
Miguel Almirón,Paraguay,FW,Newcastle Utd,31.0,1994.0,9,1,157,0,0,0,0,0,0,0.5,3,6,18,73275,3810307,24,28.2,50.9,66,50,5,6,67,1,62.6,45.2,727,1541
Edson Álvarez,Mexico,MF,West Ham,27.0,1997.0,27,19,1693,0,1,0,0,9,1,0.3,22,76,18,122125,6350511,27,29.0,48.2,40,26,3,3,81,3,45.9,33.0,617,1192
Harry Amass,England,DF,Manchester Utd,18.0,2007.0,5,4,346,0,0,0,0,0,0,0.1,9,7,23,6712,349038,31,26.3,53.2,40,28,3,3,84,3,49.7,37.9,669,1379
Samuel Amo-Ameyaw,England,"FW,DF",Southampton,18.0,2006.0,2,0,28,0,0,0,0,1,0,0.0,1,0,3,6106,317526,36,26.1,48.8,24,15,0,2,89,3,32.0,24.5,628,1114
Joachim Andersen,Denmark,DF,Fulham,28.0,1996.0,28,28,2493,0,0,0,0,6,1,1.0,16,111,2,109913,5715460,26,28.8,52.4,53,44,3,4,80,2,47.8,36.9,773,1524
Elliot Anderson,England,MF,Nott'ham Forest,22.0,2002.0,36,32,2638,2,6,0,0,9,0,1.9,48,136,91,48850,2540205,23,27.0,40.9,57,42,3,3,88,2,44.3,32.1,610,1079
André,Brazil,MF,Wolves,23.0,2001.0,32,30,2382,0,0,0,0,7,0,0.4,8,102,11,42744,2222679,31,27.7,48.1,52,41,0,0,77,2,42.6,34.6,587,1148
Michail Antonio,Jamaica,FW,West Ham,35.0,1990.0,14,11,836,1,1,0,0,1,0,2.2,29,18,59,103806,5397935,27,29.0,48.2,40,26,3,3,81,3,45.9,33.0,617,1192
Antony,Brazil,"DF,MF",Manchester Utd,25.0,2000.0,8,0,141,0,0,0,0,0,0,1.0,5,6,7,244250,12701023,31,26.3,53.2,40,28,3,3,84,3,49.7,37.9,669,1379
Julian Araujo,Mexico,DF,Bournemouth,23.0,2001.0,12,7,497,0,0,0,0,2,0,0.0,4,14,22,30531,1587628,29,25.9,48.1,55,39,6,7,97,3,62.4,42.6,732,1438
Cameron Archer,England,FW,Southampton,23.0,2001.0,34,13,1429,2,0,0,1,0,0,5.7,21,14,66,48850,2540205,36,26.1,48.8,24,15,0,2,89,3,32.0,24.5,628,1114
Alphonse Areola,France,GK,West Ham,32.0,1993.0,26,25,2260,0,0,0,0,0,0,0.0,0,1,0,146550,7620614,27,29.0,48.2,40,26,3,3,81,3,45.9,33.0,617,1192
Joe Aribo,Nigeria,"MF,DF",Southampton,28.0,1996.0,32,21,2013,3,0,0,0,1,0,2.7,36,75,65,85488,4445358,36,26.1,48.8,24,15,0,2,89,3,32.0,24.5,628,1114
Adam Armstrong,England,"FW,MF",Southampton,28.0,1997.0,20,15,1248,2,2,0,1,4,0,3.3,25,21,79,73275,3810307,36,26.1,48.8,24,15,0,2,89,3,32.0,24.5,628,1114
Kepa Arrizabalaga,Spain,GK,Bournemouth,30.0,1994.0,30,30,2700,0,0,0,0,3,0,0.1,0,2,0,91594,4762884,29,25.9,48.1,55,39,6,7,97,3,62.4,42.6,732,1438
Marco Asensio,Spain,MF,Aston Villa,29.0,1996.0,12,8,699,3,1,0,2,2,0,4.4,21,43,37,156396,8132578,28,27.8,51.0,56,45,3,6,74,3,55.7,41.5,709,1326
Brandon Austin,England,GK,Tottenham,26.0,1999.0,1,1,90,0,0,0,0,0,0,0.0,0,0,0,18319,952577,31,25.8,55.2,60,47,2,3,69,1,56.8,43.1,827,1582
Taiwo Awoniyi,Nigeria,FW,Nott'ham Forest,27.0,1997.0,26,3,416,1,0,0,0,0,0,2.1,6,7,20,61063,3175256,23,27.0,40.9,57,42,3,3,88,2,44.3,32.1,610,1079
Yasin Ayari,Sweden,MF,Brighton,21.0,2003.0,33,21,1921,2,1,0,0,3,0,2.4,30,74,61,9770,508041,32,25.7,52.0,60,40,6,6,77,3,56.5,39.7,798,1478
Jordan Ayew,Ghana,"FW,MF",Leicester City,33.0,1991.0,29,18,1548,5,0,1,1,5,0,3.1,46,45,82,36638,1905153,31,27.4,45.6,33,25,2,3,85,0,32.4,25.0,569,1068
Benoît Badiashile,France,DF,Chelsea,24.0,2001.0,5,3,334,0,0,0,0,0,0,0.0,3,17,2,109913,5715460,29,24.5,57.3,60,46,4,5,99,2,66.7,51.6,848,1573
Leon Bailey,Jamaica,"FW,MF",Aston Villa,27.0,1997.0,24,14,1139,1,2,0,0,3,0,1.7,58,35,121,146550,7620614,28,27.8,51.0,56,45,3,6,74,3,55.7,41.5,709,1326
Carlos Baleba,Cameroon,MF,Brighton,21.0,2004.0,33,30,2571,3,1,0,0,8,1,3.0,42,115,28,15266,793814,32,25.7,52.0,60,40,6,6,77,3,56.5,39.7,798,1478
Harvey Barnes,England,FW,Newcastle Utd,27.0,1997.0,32,16,1668,9,4,0,0,0,0,7.1,90,82,186,97700,5080409,24,28.2,50.9,66,50,5,6,67,1,62.6,45.2,727,1541
Calvin Bassey,Nigeria,DF,Fulham,25.0,1999.0,35,34,3074,1,0,0,0,7,0,1.0,39,116,15,54956,2857730,26,28.8,52.4,53,44,3,4,80,2,47.8,36.9,773,1524
Altay Bayındır,Turkey,GK,Manchester Utd,27.0,1998.0,3,3,270,0,0,0,0,0,0,0.0,0,0,0,42744,2222679,31,26.3,53.2,40,28,3,3,84,3,49.7,37.9,669,1379
Jan Bednarek,Poland,DF,Southampton,29.0,1996.0,30,30,2531,2,0,0,0,7,0,0.7,5,60,2,85488,4445358,36,26.1,48.8,24,15,0,2,89,3,32.0,24.5,628,1114
Armel Bella Kotchap,Germany,DF,Southampton,23.0,2001.0,4,2,331,0,0,0,0,0,0,0.3,0,5,0,18319,952577,36,26.1,48.8,24,15,0,2,89,3,32.0,24.5,628,1114
Jean-Ricner Bellegarde,France,"MF,FW",Wolves,26.0,1998.0,34,20,1673,2,7,0,0,3,0,1.5,52,43,89,42744,2222679,31,27.7,48.1,52,41,0,0,77,2,42.6,34.6,587,1148
Rodrigo Bentancur,Uruguay,MF,Tottenham,27.0,1997.0,25,20,1580,2,0,0,0,8,0,1.3,26,99,34,91594,4762884,31,25.8,55.2,60,47,2,3,69,1,56.8,43.1,827,1582
Daniel Bentley,England,GK,Wolves,31.0,1993.0,2,2,180,0,0,0,0,0,0,0.0,0,0,0,24425,1270102,31,27.7,48.1,52,41,0,0,77,2,42.6,34.6,587,1148
Sander Berge,Norway,MF,Fulham,27.0,1998.0,30,26,2219,0,0,0,0,6,0,0.2,29,120,9,67169,3492781,26,28.8,52.4,53,44,3,4,80,2,47.8,36.9,773,1524
Lucas Bergvall,Sweden,MF,Tottenham,19.0,2006.0,27,11,1212,0,1,0,0,3,0,0.7,33,49,31,18319,952577,31,25.8,55.2,60,47,2,3,69,1,56.8,43.1,827,1582
Beto,Guinea Bissau,FW,Everton,27.0,1998.0,29,14,1447,8,0,0,0,2,0,8.0,15,16,76,61063,3175256,26,28.8,41.1,38,26,2,2,78,2,40.6,31.5,474,1027
Philip Billing,Denmark,MF,Bournemouth,28.0,1996.0,10,1,184,0,0,0,0,1,0,0.6,3,15,13,54956,2857730,29,25.9,48.1,55,39,6,7,97,3,62.4,42.6,732,1438
Yves Bissouma,Mali,MF,Tottenham,28.0,1996.0,27,16,1383,2,0,0,0,7,0,0.6,15,75,3,67169,3492781,31,25.8,55.2,60,47,2,3,69,1,56.8,43.1,827,1582
Oscar Bobb,Norway,FW,Manchester City,21.0,2003.0,3,0,16,0,0,0,0,0,0,0.0,1,1,1,61063,3175256,29,27.6,61.6,69,51,2,3,59,2,65.2,52.5,1112,1890
Lamare Bogarde,Netherlands,"DF,MF",Aston Villa,21.0,2004.0,8,5,476,0,0,0,0,2,0,0.0,12,14,9,9770,508041,28,27.8,51.0,56,45,3,6,74,3,55.7,41.5,709,1326
Willy Boly,Cote dIvoire,DF,Nott'ham Forest,34.0,1991.0,6,1,150,0,0,0,0,1,0,0.1,0,2,0,48850,2540205,23,27.0,40.9,57,42,3,3,88,2,44.3,32.1,610,1079
Sven Botman,Netherlands,DF,Newcastle Utd,25.0,2000.0,7,5,350,0,0,0,0,1,0,0.2,0,6,0,109913,5715460,24,28.2,50.9,66,50,5,6,67,1,62.6,45.2,727,1541
Jarrod Bowen,England,"FW,MF",West Ham,28.0,1996.0,33,33,2883,12,7,1,1,1,0,8.5,105,88,204,183188,9525767,27,29.0,48.2,40,26,3,3,81,3,45.9,33.0,617,1192
Conor Bradley,Northern Ireland,DF,Liverpool,21.0,2003.0,18,6,709,0,2,0,0,4,0,0.7,32,28,33,12213,635051,24,28.0,57.4,84,64,9,9,65,2,80.0,59.6,801,1846
Jarrad Branthwaite,England,DF,Everton,22.0,2002.0,30,28,2511,0,1,0,0,4,0,1.2,10,66,2,42744,2222679,26,28.8,41.1,38,26,2,2,78,2,40.6,31.5,474,1027
James Bree,England,DF,Southampton,27.0,1997.0,17,13,1075,0,1,0,0,0,0,0.1,13,34,43,12213,635051,36,26.1,48.8,24,15,0,2,89,3,32.0,24.5,628,1114
Ben Brereton,Chile,FW,Southampton,26.0,1999.0,10,4,449,0,0,0,0,1,0,0.9,12,9,42,42744,2222679,36,26.1,48.8,24,15,0,2,89,3,32.0,24.5,628,1114
Nathan Broadhead,Wales,"MF,FW",Ipswich Town,27.0,1998.0,17,6,625,1,0,0,0,1,0,1.6,17,12,27,7328,381031,32,26.6,40.5,34,25,2,2,91,5,33.6,23.7,488,896
Armando Broja,Albania,FW,Everton,23.0,2001.0,10,4,334,0,0,0,0,1,0,0.1,12,2,26,48850,2540205,26,28.8,41.1,38,26,2,2,78,2,40.6,31.5,474,1027
David Brooks,Wales,"FW,MF",Bournemouth,27.0,1997.0,28,8,898,2,0,0,0,3,0,2.2,33,34,77,61063,3175256,29,25.9,48.1,55,39,6,7,97,3,62.4,42.6,732,1438
Emi Buendía,Argentina,"MF,FW",Aston Villa,28.0,1996.0,12,0,98,0,0,0,0,1,0,0.7,3,7,6,91594,4762884,28,27.8,51.0,56,45,3,6,74,3,55.7,41.5,709,1326
Santiago Bueno,Uruguay,DF,Wolves,26.0,1998.0,28,18,1683,0,0,0,0,2,0,0.4,1,28,1,36638,1905153,31,27.7,48.1,52,41,0,0,77,2,42.6,34.6,587,1148
Facundo Buonanotte,Argentina,"FW,MF",Leicester City,20.0,2004.0,30,14,1504,5,2,0,0,8,0,3.9,39,54,72,30531,1587628,31,27.4,45.6,33,25,2,3,85,0,32.4,25.0,569,1068
Cameron Burgess,Australia,DF,Ipswich Town,29.0,1995.0,18,16,1541,0,2,0,0,0,0,1.1,2,42,4,9770,508041,32,26.6,40.5,34,25,2,2,91,5,33.6,23.7,488,896
Dan Burn,England,DF,Newcastle Utd,33.0,1992.0,36,36,3240,1,1,0,0,11,0,2.0,10,67,12,67169,3492781,24,28.2,50.9,66,50,5,6,67,1,62.6,45.2,727,1541
Wes Burns,Wales,"FW,DF",Ipswich Town,30.0,1994.0,18,12,926,0,1,0,0,1,0,0.5,38,8,65,12213,635051,32,26.6,40.5,34,25,2,2,91,5,33.6,23.7,488,896
Moisés Caicedo,Ecuador,"MF,DF",Chelsea,23.0,2001.0,37,37,3261,1,2,0,0,10,0,0.8,43,214,36,183188,9525767,29,24.5,57.3,60,46,4,5,99,2,66.7,51.6,848,1573
Tom Cairney,Scotland,MF,Fulham,34.0,1991.0,24,2,555,2,0,0,0,3,1,0.5,17,51,33,36638,1905153,26,28.8,52.4,53,44,3,4,80,2,47.8,36.9,773,1524
Jens Cajuste,Sweden,MF,Ipswich Town,25.0,1999.0,29,24,1882,1,0,0,0,2,0,0.7,24,54,20,46986,2443264,32,26.6,40.5,34,25,2,2,91,5,33.6,23.7,488,896
Riccardo Calafiori,Italy,DF,Arsenal,23.0,2002.0,19,11,983,2,1,0,0,4,0,0.9,22,54,29,146550,7620614,25,26.6,56.8,65,53,2,2,70,6,57.6,43.2,830,1764
Dominic Calvert-Lewin,England,FW,Everton,28.0,1997.0,25,19,1605,3,1,0,0,2,0,6.3,22,20,111,122125,6350511,26,28.8,41.1,38,26,2,2,78,2,40.6,31.5,474,1027
Diego Carlos,Brazil,DF,Aston Villa,32.0,1993.0,10,8,830,0,0,0,0,1,0,0.6,3,34,0,122125,6350511,28,27.8,51.0,56,45,3,6,74,3,55.7,41.5,709,1326
Fabio Carvalho,Portugal,"FW,MF",Brentford,22.0,2002.0,19,3,455,2,1,0,0,1,0,2.5,9,17,23,48850,2540205,28,26.6,47.8,64,43,5,6,61,1,57.6,41.3,579,1318
Casemiro,Brazil,MF,Manchester Utd,33.0,1992.0,23,17,1404,1,0,0,0,4,0,1.7,4,74,26,427438,22226790,31,26.3,53.2,40,28,3,3,84,3,49.7,37.9,669,1379
Kaelan Casey,England,DF,West Ham,20.0,2004.0,1,0,1,0,0,0,0,0,0,0.0,0,0,0,3356,174519,27,29.0,48.2,40,26,3,3,81,3,45.9,33.0,617,1192
Matty Cash,Poland,DF,Aston Villa,27.0,1997.0,26,23,1980,1,1,0,0,7,0,0.4,46,41,90,97700,5080409,28,27.8,51.0,56,45,3,6,74,3,55.7,41.5,709,1326
Eiran Cashin,Republic of Ireland,DF,Brighton,23.0,2001.0,2,0,20,0,0,0,0,0,0,0.0,0,6,1,20137,1047113,32,25.7,52.0,60,40,6,6,77,3,56.5,39.7,798,1478
Timothy Castagne,Belgium,DF,Fulham,29.0,1995.0,24,17,1649,0,1,0,0,1,0,0.4,17,62,67,79381,4127832,26,28.8,52.4,53,44,3,4,80,2,47.8,36.9,773,1524
Trevoh Chalobah,England,DF,Crystal Palace,25.0,1999.0,12,12,1060,3,0,0,0,1,0,1.2,11,34,6,61063,3175256,29,27.0,43.1,48,37,3,4,80,4,58.7,44.7,491,1140
Conor Chaplin,England,"MF,FW",Ipswich Town,28.0,1997.0,21,9,788,1,1,0,0,2,0,1.3,11,27,20,18319,952577,32,26.6,40.5,34,25,2,2,91,5,33.6,23.7,488,896
Youssef Chermiti,Portugal,"FW,MF",Everton,21.0,2004.0,4,0,45,0,0,0,0,1,0,0.1,0,1,6,36638,1905153,26,28.8,41.1,38,26,2,2,78,2,40.6,31.5,474,1027
Federico Chiesa,Italy,FW,Liverpool,27.0,1997.0,6,1,108,0,0,0,0,0,0,0.3,3,3,7,183188,9525767,24,28.0,57.4,84,64,9,9,65,2,80.0,59.6,801,1846
Ben Chilwell,England,DF,Crystal Palace,28.0,1996.0,8,1,259,1,0,0,0,1,0,0.2,5,8,15,134245,6980754,29,27.0,43.1,48,37,3,4,80,4,58.7,44.7,491,1140
Hamza Choudhury,Bangladesh,"MF,DF",Leicester City,27.0,1997.0,4,1,131,0,0,0,0,0,0,0.0,4,3,6,61063,3175256,31,27.4,45.6,33,25,2,3,85,0,32.4,25.0,569,1068
Ryan Christie,Scotland,MF,Bournemouth,30.0,1995.0,29,27,2117,2,3,0,0,9,0,1.8,34,137,44,85488,4445358,29,25.9,48.1,55,39,6,7,97,3,62.4,42.6,732,1438
Harry Clarke,England,DF,Ipswich Town,24.0,2001.0,7,4,379,0,0,0,0,3,1,0.1,5,14,2,12213,635051,32,26.6,40.5,34,25,2,2,91,5,33.6,23.7,488,896
Jack Clarke,England,"FW,MF",Ipswich Town,24.0,2000.0,31,12,1160,0,4,0,0,2,0,1.1,36,43,56,30531,1587628,32,26.6,40.5,34,25,2,2,91,5,33.6,23.7,488,896
Nathaniel Clyne,England,"DF,MF",Crystal Palace,34.0,1991.0,13,5,483,0,0,0,0,1,0,0.0,6,7,8,61063,3175256,29,27.0,43.1,48,37,3,4,80,4,58.7,44.7,491,1140
Conor Coady,England,DF,Leicester City,32.0,1993.0,21,18,1624,1,0,0,0,2,0,0.4,3,31,0,91594,4762884,31,27.4,45.6,33,25,2,3,85,0,32.4,25.0,569,1068
Séamus Coleman,Republic of Ireland,DF,Everton,36.0,1988.0,5,3,215,0,0,0,0,1,0,0.6,1,11,7,67169,3492781,26,28.8,41.1,38,26,2,2,78,2,40.6,31.5,474,1027
Nathan Collins,Republic of Ireland,DF,Brentford,24.0,2001.0,37,37,3330,2,3,0,0,5,0,2.5,31,126,18,36638,1905153,28,26.6,47.8,64,43,5,6,61,1,57.6,41.3,579,1318
Toby Collyer,England,MF,Manchester Utd,21.0,2004.0,6,0,179,0,0,0,0,0,0,0.2,0,5,2,6106,317526,31,26.3,53.2,40,28,3,3,84,3,49.7,37.9,669,1379
Levi Colwill,England,DF,Chelsea,22.0,2003.0,34,34,3059,1,1,0,0,9,0,1.3,14,129,12,122125,6350511,29,24.5,57.3,60,46,4,5,99,2,66.7,51.6,848,1573
Lewis Cook,England,"MF,DF",Bournemouth,28.0,1997.0,36,32,2978,1,3,0,0,8,1,0.9,33,158,52,73275,3810307,29,25.9,48.1,55,39,6,7,97,3,62.4,42.6,732,1438
Maxwel Cornet,Cote dIvoire,FW,Southampton,28.0,1996.0,2,1,72,0,0,0,0,1,0,0.2,1,0,5,79381,4127832,36,26.1,48.8,24,15,0,2,89,3,32.0,24.5,628,1114
Vladimír Coufal,Czech Republic,DF,West Ham,32.0,1992.0,21,11,1048,0,0,0,0,5,0,0.3,25,38,33,42744,2222679,27,29.0,48.2,40,26,3,3,81,3,45.9,33.0,617,1192
Woyo Coulibaly,France,DF,Leicester City,26.0,1999.0,4,1,109,0,0,0,0,1,0,0.0,4,3,2,20137,1047113,31,27.4,45.6,33,25,2,3,85,0,32.4,25.0,569,1068
Aaron Cresswell,England,DF,West Ham,35.0,1989.0,17,10,823,0,0,0,0,3,0,0.2,6,36,4,61063,3175256,27,29.0,48.2,40,26,3,3,81,3,45.9,33.0,617,1192
Marc Cucurella,Spain,DF,Chelsea,26.0,1998.0,35,32,2898,5,1,0,0,10,1,2.8,35,114,114,213719,11113395,29,24.5,57.3,60,46,4,5,99,2,66.7,51.6,848,1573
Jorge Cuenca,Spain,DF,Fulham,25.0,1999.0,7,3,261,0,0,0,0,0,0,0.0,0,9,0,30531,1587628,26,28.8,52.4,53,44,3,4,80,2,47.8,36.9,773,1524
Matheus Cunha,Brazil,"MF,FW",Wolves,25.0,1999.0,32,28,2507,15,6,0,0,4,0,8.2,108,140,154,73275,3810307,31,27.7,48.1,52,41,0,0,77,2,42.6,34.6,587,1148
Patson Daka,Zambia,"FW,MF",Leicester City,26.0,1998.0,22,5,665,1,0,0,0,0,0,1.3,10,8,34,91594,4762884,31,27.4,45.6,33,25,2,3,85,0,32.4,25.0,569,1068
Diogo Dalot,Portugal,DF,Manchester Utd,26.0,1999.0,32,31,2788,0,3,0,0,5,0,2.0,62,102,164,103806,5397935,31,26.3,53.2,40,28,3,3,84,3,49.7,37.9,669,1379
Mikkel Damsgaard,Denmark,"MF,FW",Brentford,24.0,2000.0,37,33,2832,2,10,0,0,2,0,2.8,70,228,131,36638,1905153,28,26.6,47.8,64,43,5,6,61,1,57.6,41.3,579,1318
Danilo,Brazil,"MF,FW",Nott'ham Forest,24.0,2001.0,8,5,275,0,0,0,0,0,0,0.0,2,11,1,36638,1905153,23,27.0,40.9,57,42,3,3,88,2,44.3,32.1,610,1079
Kevin Danso,Austria,DF,Tottenham,26.0,1998.0,9,8,752,0,0,0,0,0,0,0.4,11,18,1,33561,1745189,31,25.8,55.2,60,47,2,3,69,1,56.8,43.1,827,1582
Ben Davies,Wales,DF,Tottenham,32.0,1993.0,16,14,1306,0,0,0,0,4,0,0.3,14,52,6,97700,5080409,31,25.8,55.2,60,47,2,3,69,1,56.8,43.1,827,1582
Leif Davis,England,DF,Ipswich Town,25.0,2000.0,32,31,2653,1,2,0,0,5,1,1.0,51,58,130,30531,1587628,32,26.6,40.5,34,25,2,2,91,5,33.6,23.7,488,896
Craig Dawson,England,DF,Wolves,35.0,1990.0,15,10,971,0,0,0,0,2,0,0.5,6,20,5,54956,2857730,31,27.7,48.1,52,41,0,0,77,2,42.6,34.6,587,1148
Kevin De Bruyne,Belgium,"MF,FW",Manchester City,33.0,1991.0,27,19,1696,4,7,0,0,2,0,5.1,51,156,148,488501,25402046,29,27.6,61.6,69,51,2,3,59,2,65.2,52.5,1112,1890
Bobby De Cordova-Reid,Jamaica,FW,Leicester City,32.0,1993.0,23,9,744,1,2,0,0,2,0,0.8,14,15,48,42744,2222679,31,27.4,45.6,33,25,2,3,85,0,32.4,25.0,569,1068
Liam Delap,England,FW,Ipswich Town,22.0,2003.0,36,32,2572,12,2,2,2,10,0,9.3,60,30,107,24425,1270102,32,26.6,40.5,34,25,2,2,91,5,33.6,23.7,488,896
Sepp van den Berg,Netherlands,DF,Brentford,23.0,2001.0,30,28,2496,0,0,0,0,3,0,1.9,11,78,28,24425,1270102,28,26.6,47.8,64,43,5,6,61,1,57.6,41.3,579,1318
Justin Devenny,Northern Ireland,MF,Crystal Palace,21.0,2003.0,22,4,478,1,1,0,0,1,0,0.7,5,19,13,4027,209423,29,27.0,43.1,48,37,3,4,80,4,58.7,44.7,491,1140
Kiernan Dewsbury-Hall,England,"MF,FW",Chelsea,26.0,1998.0,12,2,259,0,1,0,0,0,0,0.2,5,14,11,97700,5080409,29,24.5,57.3,60,46,4,5,99,2,66.7,51.6,848,1573
Amad Diallo,Cote dIvoire,"MF,FW",Manchester Utd,22.0,2002.0,25,19,1811,7,6,0,0,4,0,4.2,105,57,184,35228,1831878,31,26.3,53.2,40,28,3,3,84,3,49.7,37.9,669,1379
Rúben Dias,Portugal,DF,Manchester City,28.0,1997.0,26,24,2181,0,0,0,0,4,0,1.5,41,147,8,219825,11430921,29,27.6,61.6,69,51,2,3,59,2,65.2,52.5,1112,1890
Luis Díaz,Colombia,FW,Liverpool,28.0,1997.0,35,27,2331,13,5,0,0,2,0,11.3,108,108,284,67169,3492781,24,28.0,57.4,84,64,9,9,65,2,80.0,59.6,801,1846
Tyler Dibling,England,"FW,MF",Southampton,19.0,2006.0,33,20,1874,2,0,0,0,6,0,2.5,69,64,96,6106,317526,36,26.1,48.8,24,15,0,2,89,3,32.0,24.5,628,1114
Lucas Digne,France,DF,Aston Villa,31.0,1993.0,32,28,2351,0,4,0,0,4,0,0.8,23,57,142,146550,7620614,28,27.8,51.0,56,45,3,6,74,3,55.7,41.5,709,1326
Issa Diop,France,DF,Fulham,28.0,1997.0,21,15,1339,0,0,0,0,2,0,0.5,6,25,3,85488,4445358,26,28.8,52.4,53,44,3,4,80,2,47.8,36.9,773,1524
Axel Disasi,France,DF,Aston Villa,27.0,1998.0,7,5,490,0,0,0,0,2,0,0.1,10,16,5,53698,2792302,28,27.8,51.0,56,45,3,6,74,3,55.7,41.5,709,1326
Nasser Djiga,Burkina Faso,DF,Wolves,22.0,2002.0,5,1,66,0,0,0,0,0,0,0.0,0,3,2,20137,1047113,31,27.7,48.1,52,41,0,0,77,2,42.6,34.6,587,1148
Matt Doherty,Republic of Ireland,DF,Wolves,33.0,1992.0,29,24,2023,2,1,0,0,6,0,1.0,29,77,40,61063,3175256,31,27.7,48.1,52,41,0,0,77,2,42.6,34.6,587,1148
Jeremy Doku,Belgium,"FW,MF",Manchester City,22.0,2002.0,28,15,1443,3,6,0,0,1,0,1.0,202,67,274,61063,3175256,29,27.6,61.6,69,51,2,3,59,2,65.2,52.5,1112,1890
Nicolás Domínguez,Argentina,"MF,FW",Nott'ham Forest,26.0,1998.0,33,22,1896,0,1,0,0,9,0,1.5,14,78,32,42744,2222679,23,27.0,40.9,57,42,3,3,88,2,44.3,32.1,610,1079
Patrick Dorgu,Denmark,DF,Manchester Utd,20.0,2004.0,11,9,752,0,0,0,0,3,1,0.4,34,27,63,53698,2792302,31,26.3,53.2,40,28,3,3,84,3,49.7,37.9,669,1379
Abdoulaye Doucouré,Mali,MF,Everton,32.0,1993.0,32,31,2549,3,2,0,0,5,1,4.1,42,82,96,158763,8255665,26,28.8,41.1,38,26,2,2,78,2,40.6,31.5,474,1027
Cheick Doucouré,Mali,MF,Crystal Palace,25.0,2000.0,13,4,452,0,0,0,0,1,0,0.4,2,19,7,85488,4445358,29,27.0,43.1,48,37,3,4,80,4,58.7,44.7,491,1140
Flynn Downes,England,MF,Southampton,26.0,1999.0,26,24,2061,1,0,0,0,12,0,0.6,26,64,29,36638,1905153,36,26.1,48.8,24,15,0,2,89,3,32.0,24.5,628,1114
Tommy Doyle,England,MF,Wolves,23.0,2001.0,24,3,488,0,1,0,0,1,0,0.6,6,40,4,12213,635051,31,27.7,48.1,52,41,0,0,77,2,42.6,34.6,587,1148
Radu Drăgușin,Romania,DF,Tottenham,23.0,2002.0,16,14,1252,0,0,0,0,1,0,0.1,7,37,2,103806,5397935,31,25.8,55.2,60,47,2,3,69,1,56.8,43.1,827,1582
Martin Dúbravka,Slovakia,GK,Newcastle Utd,36.0,1989.0,10,10,900,0,0,0,0,0,0,0.0,0,0,0,48850,2540205,24,28.2,50.9,66,50,5,6,67,1,62.6,45.2,727,1541
Lewis Dunk,England,DF,Brighton,33.0,1991.0,25,23,2083,0,0,0,0,5,0,0.8,20,142,3,97700,5080409,32,25.7,52.0,60,40,6,6,77,3,56.5,39.7,798,1478
Jáder Durán,Colombia,FW,Aston Villa,21.0,2003.0,20,4,638,7,0,0,0,3,1,4.9,7,13,44,91594,4762884,28,27.8,51.0,56,45,3,6,74,3,55.7,41.5,709,1326
Ederson,Brazil,GK,Manchester City,31.0,1993.0,25,25,2230,0,4,0,0,4,0,0.0,0,2,0,122125,6350511,29,27.6,61.6,69,51,2,3,59,2,65.2,52.5,1112,1890
Odsonne Édouard,France,"MF,FW",Crystal Palace,27.0,1998.0,2,1,115,0,0,0,0,0,0,0.4,2,4,7,109913,5715460,29,27.0,43.1,48,37,3,4,80,4,58.7,44.7,491,1140
Samuel Edozie,England,"DF,FW",Southampton,22.0,2003.0,2,0,65,0,0,0,0,1,0,0.0,6,4,23,18319,952577,36,26.1,48.8,24,15,0,2,89,3,32.0,24.5,628,1114
Ronnie Edwards,England,DF,Southampton,22.0,2003.0,1,0,12,0,0,0,0,0,0,0.0,0,0,0,18319,952577,36,26.1,48.8,24,15,0,2,89,3,32.0,24.5,628,1114
Anthony Elanga,Sweden,"FW,MF",Nott'ham Forest,23.0,2002.0,37,30,2411,6,11,0,0,1,0,4.4,97,58,211,30531,1587628,23,27.0,40.9,57,42,3,3,88,2,44.3,32.1,610,1079
Harvey Elliott,England,"MF,FW",Liverpool,22.0,2003.0,17,2,365,1,2,0,0,1,0,1.8,10,44,30,48850,2540205,24,28.0,57.4,84,64,9,9,65,2,80.0,59.6,801,1846
Yunus Emre Konak,Turkey,"FW,MF",Brentford,19.0,2006.0,10,0,42,0,0,0,0,0,0,0.2,1,2,2,18319,952577,28,26.6,47.8,64,43,5,6,61,1,57.6,41.3,579,1318
Julio Enciso,Paraguay,"MF,FW",Ipswich Town,21.0,2004.0,13,12,869,2,3,0,0,3,0,1.7,23,28,44,20137,1047113,32,26.6,40.5,34,25,2,2,91,5,33.6,23.7,488,896
Wataru Endo,Japan,"MF,DF",Liverpool,32.0,1993.0,19,1,251,0,0,0,0,0,0,0.0,1,15,7,61063,3175256,24,28.0,57.4,84,64,9,9,65,2,80.0,59.6,801,1846
Christian Eriksen,Denmark,MF,Manchester Utd,33.0,1992.0,22,11,1036,0,2,0,0,4,0,0.4,12,55,29,183188,9525767,31,26.3,53.2,40,28,3,3,84,3,49.7,37.9,669,1379
Romain Esse,England,MF,Crystal Palace,20.0,2005.0,6,1,127,1,1,0,0,0,0,0.3,1,7,11,20137,1047113,29,27.0,43.1,48,37,3,4,80,4,58.7,44.7,491,1140
Pervis Estupiñán,Ecuador,DF,Brighton,27.0,1998.0,30,26,2402,1,1,0,0,5,0,1.2,59,132,112,61063,3175256,32,25.7,52.0,60,40,6,6,77,3,56.5,39.7,798,1478
Evanilson,Brazil,FW,Bournemouth,25.0,1999.0,30,27,2230,10,1,0,1,1,1,12.2,28,27,95,103806,5397935,29,25.9,48.1,55,39,6,7,97,3,62.4,42.6,732,1438
Jonny Evans,Northern Ireland,DF,Manchester Utd,37.0,1988.0,6,3,290,0,0,0,0,1,0,0.1,1,8,2,79381,4127832,31,26.3,53.2,40,28,3,3,84,3,49.7,37.9,669,1379
Eberechi Eze,England,"MF,FW",Crystal Palace,26.0,1998.0,33,30,2527,8,8,1,2,1,0,10.4,68,96,152,122125,6350511,29,27.0,43.1,48,37,3,4,80,4,58.7,44.7,491,1140
Łukasz Fabiański,Poland,GK,West Ham,40.0,1985.0,13,12,1070,0,0,0,0,2,0,0.0,0,0,0,79381,4127832,27,29.0,48.2,40,26,3,3,81,3,45.9,33.0,617,1192
Wout Faes,Belgium,DF,Leicester City,27.0,1998.0,33,29,2725,1,0,0,0,4,0,1.5,12,85,1,61063,3175256,31,27.4,45.6,33,25,2,3,85,0,32.4,25.0,569,1068
João Félix,Portugal,"FW,MF",Chelsea,25.0,1999.0,12,3,369,1,1,0,0,2,0,2.2,21,26,30,158763,8255665,29,24.5,57.3,60,46,4,5,99,2,66.7,51.6,848,1573
Evan Ferguson,Republic of Ireland,FW,Brighton,20.0,2004.0,13,2,246,1,0,0,0,0,0,0.5,2,1,9,40274,2094226,32,25.7,52.0,60,40,6,6,77,3,56.5,39.7,798,1478
Bruno Fernandes,Portugal,MF,Manchester Utd,30.0,1994.0,35,34,2928,8,9,3,3,5,2,9.6,68,302,122,366376,19051534,31,26.3,53.2,40,28,3,3,84,3,49.7,37.9,669,1379
Mateus Fernandes,Portugal,MF,Southampton,20.0,2004.0,35,33,2819,2,3,0,0,8,0,3.9,76,140,108,24425,1270102,36,26.1,48.8,24,15,0,2,89,3,32.0,24.5,628,1114
Enzo Fernández,Argentina,MF,Chelsea,24.0,2001.0,35,31,2857,6,7,0,0,8,0,6.1,59,211,124,219825,11430921,29,24.5,57.3,60,46,4,5,99,2,66.7,51.6,848,1573
Mark Flekken,Netherlands,GK,Brentford,31.0,1993.0,36,36,3185,0,2,0,0,1,0,0.0,0,0,0,36638,1905153,28,26.6,47.8,64,43,5,6,61,1,57.6,41.3,579,1318
Phil Foden,England,"MF,FW",Manchester City,24.0,2000.0,27,20,1768,7,2,0,0,2,0,5.2,50,103,128,274782,14288651,29,27.6,61.6,69,51,2,3,59,2,65.2,52.5,1112,1890
Wesley Fofana,France,DF,Chelsea,24.0,2000.0,14,14,1172,0,0,0,0,7,0,0.4,19,32,4,244250,12701023,29,24.5,57.3,60,46,4,5,99,2,66.7,51.6,848,1573
Carlos Forbs,Portugal,"MF,FW",Wolves,21.0,2004.0,10,1,239,0,0,0,0,2,0,0.1,10,8,28,24425,1270102,31,27.7,48.1,52,41,0,0,77,2,42.6,34.6,587,1148
Fraser Forster,England,GK,Tottenham,37.0,1988.0,7,7,630,0,0,0,0,0,0,0.0,0,0,0,91594,4762884,31,25.8,55.2,60,47,2,3,69,1,56.8,43.1,827,1582
Matheus França,Brazil,"MF,FW",Crystal Palace,21.0,2004.0,3,0,54,1,0,0,0,0,0,0.2,4,2,4,48850,2540205,29,27.0,43.1,48,37,3,4,80,4,58.7,44.7,491,1140
Ryan Fraser,Scotland,"FW,DF",Southampton,31.0,1994.0,8,4,306,0,0,0,0,0,1,0.0,10,8,18,48850,2540205,36,26.1,48.8,24,15,0,2,89,3,32.0,24.5,628,1114
Tyler Fredricson,England,DF,Manchester Utd,20.0,2005.0,2,2,165,0,0,0,0,0,0,0.0,2,8,0,6712,349038,31,26.3,53.2,40,28,3,3,84,3,49.7,37.9,669,1379
Niclas Füllkrug,Germany,FW,West Ham,32.0,1993.0,17,5,719,3,2,0,0,2,0,2.0,6,13,28,109913,5715460,27,29.0,48.2,40,26,3,3,81,3,45.9,33.0,617,1192
Cody Gakpo,Netherlands,FW,Liverpool,26.0,1999.0,34,22,1845,10,3,0,0,5,0,7.0,56,52,259,146550,7620614,24,28.0,57.4,84,64,9,9,65,2,80.0,59.6,801,1846
Idrissa Gana Gueye,Senegal,MF,Everton,35.0,1989.0,36,34,2973,0,3,0,0,8,0,1.1,27,142,24,146550,7620614,26,28.8,41.1,38,26,2,2,78,2,40.6,31.5,474,1027
Andrés García,Spain,"DF,MF",Aston Villa,22.0,2003.0,7,5,318,0,0,0,0,0,0,0.0,26,15,28,20137,1047113,28,27.8,51.0,56,45,3,6,74,3,55.7,41.5,709,1326
Alejandro Garnacho,Argentina,"MF,FW",Manchester Utd,20.0,2004.0,36,23,2199,6,2,0,0,3,0,7.3,141,56,290,61063,3175256,31,26.3,53.2,40,28,3,3,84,3,49.7,37.9,669,1379
James Garner,England,"MF,DF",Everton,24.0,2001.0,20,16,1504,0,1,0,0,4,0,0.6,12,49,29,36638,1905153,26,28.8,41.1,38,26,2,2,78,2,40.6,31.5,474,1027
Tyrique George,England,FW,Chelsea,19.0,2006.0,8,1,183,1,1,0,0,1,0,0.2,9,3,22,10068,523557,29,24.5,57.3,60,46,4,5,99,2,66.7,51.6,848,1573
Morgan Gibbs-White,England,MF,Nott'ham Forest,25.0,2000.0,33,33,2713,7,8,0,0,11,1,6.3,68,162,133,97700,5080409,23,27.0,40.9,57,42,3,3,88,2,44.3,32.1,610,1079
Ben Godfrey,England,DF,Ipswich Town,27.0,1998.0,3,2,159,0,0,0,0,1,0,0.0,2,4,1,100684,5235566,32,26.6,40.5,34,25,2,2,91,5,33.6,23.7,488,896
Martial Godo,England,"FW,DF",Fulham,22.0,2003.0,2,0,24,0,0,0,0,0,0,0.0,2,3,6,4027,209423,26,28.8,52.4,53,44,3,4,80,2,47.8,36.9,773,1524
Michael Golding,England,MF,Leicester City,19.0,2006.0,1,0,1,0,0,0,0,0,0,0.0,0,0,0,9770,508041,31,27.4,45.6,33,25,2,3,85,0,32.4,25.0,569,1068
João Gomes,Brazil,MF,Wolves,24.0,2001.0,35,34,2884,3,1,0,0,10,1,2.7,55,157,71,36638,1905153,31,27.7,48.1,52,41,0,0,77,2,42.6,34.6,587,1148
Rodrigo Gomes,Portugal,"DF,FW",Wolves,21.0,2003.0,24,7,784,2,0,0,0,0,0,0.7,22,26,79,30531,1587628,31,27.7,48.1,52,41,0,0,77,2,42.6,34.6,587,1148
Toti Gomes,Portugal,DF,Wolves,26.0,1999.0,30,29,2524,0,1,0,0,7,0,0.7,26,82,17,30531,1587628,31,27.7,48.1,52,41,0,0,77,2,42.6,34.6,587,1148
Diego Gómez,Paraguay,MF,Brighton,22.0,2003.0,15,4,470,0,0,0,0,0,0,0.7,7,25,15,33561,1745189,32,25.7,52.0,60,40,6,6,77,3,56.5,39.7,798,1478
Joe Gomez,England,DF,Liverpool,28.0,1997.0,9,6,519,0,0,0,0,1,0,0.3,5,35,2,103806,5397935,24,28.0,57.4,84,64,9,9,65,2,80.0,59.6,801,1846
Nicolás González,Spain,MF,Manchester City,23.0,2002.0,10,8,670,1,0,0,0,3,0,0.4,7,48,11,80547,4188452,29,27.6,61.6,69,51,2,3,59,2,65.2,52.5,1112,1890
Anthony Gordon,England,"FW,MF",Newcastle Utd,24.0,2001.0,33,27,2389,6,5,1,2,2,0,8.0,118,95,209,183188,9525767,24,28.2,50.9,66,50,5,6,67,1,62.6,45.2,727,1541
Ryan Gravenberch,Netherlands,MF,Liverpool,23.0,2002.0,36,36,3093,0,4,0,0,5,0,1.1,67,174,54,183188,9525767,24,28.0,57.4,84,64,9,9,65,2,80.0,59.6,801,1846
Archie Gray,England,"DF,MF",Tottenham,19.0,2006.0,27,18,1661,0,0,0,0,1,0,0.0,7,39,17,91594,4762884,31,25.8,55.2,60,47,2,3,69,1,56.8,43.1,827,1582
Jack Grealish,England,"FW,MF",Manchester City,29.0,1995.0,20,7,721,1,1,0,0,3,0,1.1,69,52,118,366376,19051534,29,27.6,61.6,69,51,2,3,59,2,65.2,52.5,1112,1890
Jacob Greaves,England,DF,Ipswich Town,24.0,2000.0,24,24,2115,1,0,0,0,5,0,1.3,10,63,9,30531,1587628,32,26.6,40.5,34,25,2,2,91,5,33.6,23.7,488,896
Brajan Gruda,Germany,"MF,FW",Brighton,20.0,2004.0,20,7,612,1,4,0,0,0,0,1.1,19,21,51,61063,3175256,32,25.7,52.0,60,40,6,6,77,3,56.5,39.7,798,1478
Albert Grønbaek,Denmark,"FW,MF",Southampton,24.0,2001.0,4,2,143,0,0,0,0,0,0,0.1,1,1,3,24164,1256536,36,26.1,48.8,24,15,0,2,89,3,32.0,24.5,628,1114
Gonçalo Guedes,Portugal,"MF,FW",Wolves,28.0,1996.0,28,9,931,2,4,0,0,1,0,2.9,38,35,75,109913,5715460,31,27.7,48.1,52,41,0,0,77,2,42.6,34.6,587,1148
Marc Guéhi,England,DF,Crystal Palace,24.0,2000.0,34,34,3059,3,2,0,0,9,1,2.0,22,134,10,61063,3175256,29,27.0,43.1,48,37,3,4,80,4,58.7,44.7,491,1140
Luis Guilherme,Brazil,"MF,FW",West Ham,19.0,2006.0,12,1,150,0,0,0,0,0,0,0.4,4,5,16,30531,1587628,27,29.0,48.2,40,26,3,3,81,3,45.9,33.0,617,1192
Bruno Guimarães,Brazil,MF,Newcastle Utd,27.0,1997.0,37,37,3181,5,6,0,0,7,0,4.2,58,264,90,195400,10160818,24,28.2,50.9,66,50,5,6,67,1,62.6,45.2,727,1541
Marc Guiu,Spain,FW,Chelsea,19.0,2006.0,3,0,73,0,0,0,0,0,0,0.0,0,0,3,61063,3175256,29,24.5,57.3,60,46,4,5,99,2,66.7,51.6,848,1573
İlkay Gündoğan,Germany,MF,Manchester City,34.0,1990.0,32,24,2139,0,6,0,0,1,0,2.8,62,121,91,280888,14606176,29,27.6,61.6,69,51,2,3,59,2,65.2,52.5,1112,1890
Malo Gusto,France,DF,Chelsea,22.0,2003.0,31,19,1849,0,1,0,0,4,0,1.7,49,119,85,54956,2857730,29,24.5,57.3,60,46,4,5,99,2,66.7,51.6,848,1573
Joško Gvardiol,Croatia,DF,Manchester City,23.0,2002.0,36,35,3187,5,0,0,0,2,0,4.4,89,256,119,244250,12701023,29,27.6,61.6,69,51,2,3,59,2,65.2,52.5,1112,1890
Erling Haaland,Norway,FW,Manchester City,24.0,2000.0,30,30,2652,21,3,2,3,2,0,21.0,23,19,116,457970,23814418,29,27.6,61.6,69,51,2,3,59,2,65.2,52.5,1112,1890
Lewis Hall,England,DF,Newcastle Utd,20.0,2004.0,27,24,2189,0,4,0,0,3,0,0.4,41,123,80,8549,444536,24,28.2,50.9,66,50,5,6,67,1,62.6,45.2,727,1541
Ali Al Hamadi,Iraq,FW,Ipswich Town,23.0,2002.0,11,0,134,0,0,0,0,3,0,0.4,4,3,14,12213,635051,32,26.6,40.5,34,25,2,2,91,5,33.6,23.7,488,896
Marcus Harness,England,MF,Ipswich Town,29.0,1996.0,2,0,45,0,0,0,0,0,0,0.0,0,2,1,8308,431996,32,26.6,40.5,34,25,2,2,91,5,33.6,23.7,488,896
Jack Harrison,England,FW,Everton,28.0,1996.0,33,23,1986,1,0,0,0,0,0,3.5,71,48,123,109913,5715460,26,28.8,41.1,38,26,2,2,78,2,40.6,31.5,474,1027
Taylor Harwood-Bellis,England,DF,Southampton,23.0,2002.0,34,32,2825,1,0,0,0,9,0,1.8,29,125,9,9159,476288,36,26.1,48.8,24,15,0,2,89,3,32.0,24.5,628,1114
Kai Havertz,Germany,"FW,MF",Arsenal,25.0,1999.0,22,21,1854,9,3,0,0,5,0,9.4,35,60,110,341951,17781432,25,26.6,56.8,65,53,2,2,70,6,57.6,43.2,830,1764
Ayden Heaven,England,DF,Manchester Utd,18.0,2006.0,3,1,105,0,0,0,0,1,0,0.0,1,2,1,5370,279230,31,26.3,53.2,40,28,3,3,84,3,49.7,37.9,669,1379
Jan Paul van Hecke,Netherlands,DF,Brighton,24.0,2000.0,33,32,2868,1,1,0,0,8,1,1.3,55,221,5,36638,1905153,32,25.7,52.0,60,40,6,6,77,3,56.5,39.7,798,1478
Hwang Hee-chan,Korea Republic,"MF,FW",Wolves,29.0,1996.0,21,5,661,2,0,0,0,0,0,0.8,15,12,42,85488,4445358,31,27.7,48.1,52,41,0,0,77,2,42.6,34.6,587,1148
Dean Henderson,England,GK,Crystal Palace,28.0,1997.0,37,37,3330,0,0,0,0,3,0,0.0,0,0,0,122125,6350511,29,27.0,43.1,48,37,3,4,80,4,58.7,44.7,491,1140
Rico Henry,England,DF,Brentford,27.0,1997.0,5,0,99,0,0,0,0,0,0,0.0,0,4,5,42744,2222679,28,26.6,47.8,64,43,5,6,61,1,57.6,41.3,579,1318
Mads Hermansen,Denmark,GK,Leicester City,24.0,2000.0,27,27,2385,0,0,0,0,1,0,0.0,0,1,0,12213,635051,31,27.4,45.6,33,25,2,3,85,0,32.4,25.0,569,1068
Son Heung-min,Korea Republic,FW,Tottenham,32.0,1992.0,30,24,2110,7,9,1,2,1,0,7.2,96,111,265,232038,12065972,31,25.8,55.2,60,47,2,3,69,1,56.8,43.1,827,1582
James Hill,England,DF,Bournemouth,23.0,2002.0,10,6,448,0,1,0,0,1,0,0.3,3,16,8,6106,317526,29,25.9,48.1,55,39,6,7,97,3,62.4,42.6,732,1438
Jack Hinshelwood,England,"DF,MF",Brighton,20.0,2005.0,25,21,1752,3,2,0,0,5,0,2.1,19,65,49,12213,635051,32,25.7,52.0,60,40,6,6,77,3,56.5,39.7,798,1478
George Hirst,Scotland,FW,Ipswich Town,26.0,1999.0,25,4,592,3,1,0,0,3,0,2.1,9,13,31,33584,1746391,32,26.6,40.5,34,25,2,2,91,5,33.6,23.7,488,896
Mason Holgate,England,"FW,DF",Everton,28.0,1996.0,1,0,6,0,0,0,0,0,0,0.0,0,0,0,91635,4765042,26,28.8,41.1,38,26,2,2,78,2,40.6,31.5,474,1027
Callum Hudson-Odoi,England,"FW,MF",Nott'ham Forest,24.0,2000.0,30,25,2160,5,2,0,0,2,0,2.5,127,66,187,97700,5080409,23,27.0,40.9,57,42,3,3,88,2,44.3,32.1,610,1079
Will Hughes,England,MF,Crystal Palace,30.0,1995.0,32,23,2030,0,3,0,0,11,0,1.1,19,86,27,61063,3175256,29,27.0,43.1,48,37,3,4,80,4,58.7,44.7,491,1140
Dean Huijsen,Spain,DF,Bournemouth,20.0,2005.0,31,26,2414,3,1,0,0,10,0,1.9,41,132,10,36638,1905153,29,25.9,48.1,55,39,6,7,97,3,62.4,42.6,732,1438
Omari Hutchinson,England,"MF,FW",Ipswich Town,21.0,2003.0,30,29,2493,3,2,0,0,5,0,2.7,89,72,151,7328,381031,32,26.6,40.5,34,25,2,2,91,5,33.6,23.7,488,896
Rasmus Højlund,Denmark,FW,Manchester Utd,22.0,2003.0,31,22,1924,4,0,0,0,2,0,5.2,27,17,98,103806,5397935,31,26.3,53.2,40,28,3,3,84,3,49.7,37.9,669,1379
Igor,Brazil,DF,Brighton,27.0,1998.0,12,9,903,0,0,0,0,4,0,0.0,9,44,0,54956,2857730,32,25.7,52.0,60,40,6,6,77,3,56.5,39.7,798,1478
Danny Ings,England,"FW,MF",West Ham,32.0,1992.0,15,1,284,1,2,0,0,0,0,2.3,6,5,29,152657,7938139,27,29.0,48.2,40,26,3,3,81,3,45.9,33.0,617,1192
Tim Iroegbunam,England,MF,Everton,21.0,2003.0,18,5,574,0,1,0,0,4,0,0.2,8,15,9,24425,1270102,26,28.8,41.1,38,26,2,2,78,2,40.6,31.5,474,1027
Andy Irving,Scotland,MF,West Ham,25.0,2000.0,10,1,166,0,0,0,0,2,0,0.1,0,9,4,6106,317526,27,29.0,48.2,40,26,3,3,81,3,45.9,33.0,617,1192
Alexander Isak,Sweden,FW,Newcastle Utd,25.0,1999.0,33,33,2666,23,6,4,4,1,0,20.2,82,84,206,146550,7620614,24,28.2,50.9,66,50,5,6,67,1,62.6,45.2,727,1541
Alex Iwobi,Nigeria,"FW,MF",Fulham,29.0,1996.0,37,35,2951,9,6,0,0,1,0,4.7,141,208,237,97700,5080409,26,28.8,52.4,53,44,3,4,80,2,47.8,36.9,773,1524
Nicolas Jackson,Senegal,FW,Chelsea,23.0,2001.0,30,28,2220,10,5,0,0,7,1,12.3,47,38,129,122125,6350511,29,24.5,57.3,60,46,4,5,99,2,66.7,51.6,848,1573
Reece James,England,"DF,MF",Chelsea,25.0,1999.0,18,11,973,1,1,0,0,1,0,0.4,7,58,12,305313,15876279,29,24.5,57.3,60,46,4,5,99,2,66.7,51.6,848,1573
Vitaly Janelt,Germany,MF,Brentford,27.0,1998.0,32,27,2254,1,3,0,0,3,0,0.8,17,80,38,36638,1905153,28,26.6,47.8,64,43,5,6,61,1,57.6,41.3,579,1318
Vitezslav Jaros,Czech Republic,GK,Liverpool,23.0,2001.0,1,0,12,0,0,0,0,0,0,0.0,0,0,0,8549,444536,24,28.0,57.4,84,64,9,9,65,2,80.0,59.6,801,1846
Daniel Jebbison,England,FW,Bournemouth,21.0,2003.0,15,0,91,1,0,0,0,1,0,1.0,3,3,12,6712,349038,29,25.9,48.1,55,39,6,7,97,3,62.4,42.6,732,1438
Mathias Jensen,Denmark,MF,Brentford,29.0,1996.0,23,8,851,0,2,0,0,2,0,0.2,6,60,26,61063,3175256,28,26.6,47.8,64,43,5,6,61,1,57.6,41.3,579,1318
Gabriel Jesus,Brazil,FW,Arsenal,28.0,1997.0,17,6,608,3,0,0,0,4,0,3.0,15,19,57,323632,16828855,25,26.6,56.8,65,53,2,2,70,6,57.6,43.2,830,1764
Raúl Jiménez,Mexico,FW,Fulham,34.0,1991.0,37,29,2404,12,3,3,3,4,0,11.7,35,61,124,122125,6350511,26,28.8,52.4,53,44,3,4,80,2,47.8,36.9,773,1524
João Pedro,Brazil,"FW,MF",Brighton,23.0,2001.0,27,23,1948,10,6,5,5,4,1,8.9,66,78,128,61063,3175256,32,25.7,52.0,60,40,6,6,77,3,56.5,39.7,798,1478
Joelinton,Brazil,"MF,FW",Newcastle Utd,28.0,1996.0,29,29,2393,4,3,0,0,10,0,3.9,40,116,110,183188,9525767,24,28.2,50.9,66,50,5,6,67,1,62.6,45.2,727,1541
Ben Johnson,England,"DF,FW",Ipswich Town,25.0,2000.0,23,14,1354,1,2,0,0,5,1,1.1,16,27,33,36638,1905153,32,26.6,40.5,34,25,2,2,91,5,33.6,23.7,488,896
Brennan Johnson,Wales,FW,Tottenham,24.0,2001.0,32,23,2087,11,3,0,0,5,0,9.8,58,70,196,85488,4445358,31,25.8,55.2,60,47,2,3,69,1,56.8,43.1,827,1582
Sam Johnstone,England,GK,Wolves,32.0,1993.0,7,7,630,0,0,0,0,0,0,0.0,0,0,0,48850,2540205,31,27.7,48.1,52,41,0,0,77,2,42.6,34.6,587,1148
Curtis Jones,England,"MF,DF",Liverpool,24.0,2001.0,32,18,1621,3,3,0,0,3,1,4.3,28,104,76,18319,952577,24,28.0,57.4,84,64,9,9,65,2,80.0,59.6,801,1846
Jorginho,Italy,MF,Arsenal,33.0,1991.0,15,9,704,0,0,0,0,5,0,0.1,12,48,6,134338,6985563,25,26.6,56.8,65,53,2,2,70,6,57.6,43.2,830,1764
Diogo Jota,Portugal,FW,Liverpool,28.0,1996.0,25,14,1166,6,3,0,0,2,0,7.6,37,33,87,170975,8890716,24,28.0,57.4,84,64,9,9,65,2,80.0,59.6,801,1846
James Justin,England,DF,Leicester City,27.0,1998.0,35,33,2822,2,2,0,0,6,0,1.5,39,90,95,36638,1905153,31,27.4,45.6,33,25,2,3,85,0,32.4,25.0,569,1068
Filip Jørgensen,Denmark,GK,Chelsea,23.0,2002.0,6,6,540,0,0,0,0,0,0,0.0,0,0,0,61063,3175256,29,24.5,57.3,60,46,4,5,99,2,66.7,51.6,848,1573
Ferdi Kadioglu,Turkey,"DF,MF",Brighton,25.0,1999.0,6,5,385,1,0,0,0,1,0,0.4,1,15,27,106860,5556698,32,25.7,52.0,60,40,6,6,77,3,56.5,39.7,798,1478
Daichi Kamada,Japan,MF,Crystal Palace,28.0,1996.0,33,14,1474,0,0,0,0,4,1,1.1,24,84,54,128231,6668037,29,27.0,43.1,48,37,3,4,80,4,58.7,44.7,491,1140
Boubacar Kamara,France,MF,Aston Villa,25.0,1999.0,25,19,1643,1,0,0,0,2,0,0.8,18,84,7,183188,9525767,28,27.8,51.0,56,45,3,6,74,3,55.7,41.5,709,1326
Joachim Kayi Sanda,France,DF,Southampton,18.0,2006.0,1,0,9,0,0,0,0,0,0,0.0,0,1,0,10740,558460,36,26.1,48.8,24,15,0,2,89,3,32.0,24.5,628,1114
Michael Kayode,Italy,DF,Brentford,20.0,2004.0,11,5,443,0,1,0,0,2,0,0.2,12,10,22,40274,2094226,28,26.6,47.8,64,43,5,6,61,1,57.6,41.3,579,1318
Michael Keane,England,DF,Everton,32.0,1993.0,13,10,959,3,0,0,0,5,0,0.6,1,13,3,97700,5080409,26,28.8,41.1,38,26,2,2,78,2,40.6,31.5,474,1027
Caoimhín Kelleher,Republic of Ireland,GK,Liverpool,26.0,1998.0,10,10,900,0,0,0,0,0,0,0.0,0,0,0,12213,635051,24,28.0,57.4,84,64,9,9,65,2,80.0,59.6,801,1846
Lloyd Kelly,England,DF,Newcastle Utd,26.0,1998.0,10,4,303,0,1,0,0,2,0,0.4,0,9,5,183188,9525767,24,28.2,50.9,66,50,5,6,67,1,62.6,45.2,727,1541
Milos Kerkez,Hungary,DF,Bournemouth,21.0,2003.0,37,37,3246,2,5,0,0,4,0,0.5,101,154,187,36638,1905153,29,25.9,48.1,55,39,6,7,97,3,62.4,42.6,732,1438
Bilal El Khannouss,Morocco,"MF,FW",Leicester City,21.0,2004.0,32,27,2182,2,3,0,0,4,0,1.3,73,128,89,42744,2222679,31,27.4,45.6,33,25,2,3,85,0,32.4,25.0,569,1068
Abdukodir Khusanov,Uzbekistan,DF,Manchester City,21.0,2004.0,6,6,503,0,0,0,0,1,0,0.0,1,25,2,26849,1396151,29,27.6,61.6,69,51,2,3,59,2,65.2,52.5,1112,1890
Max Kilman,England,DF,West Ham,28.0,1997.0,37,37,3258,0,1,0,0,4,0,1.6,30,112,6,122125,6350511,27,29.0,48.2,40,26,3,3,81,3,45.9,33.0,617,1192
Antonín Kinský,Czech Republic,GK,Tottenham,22.0,2003.0,6,6,540,0,0,0,0,0,0,0.0,1,1,0,26849,1396151,31,25.8,55.2,60,47,2,3,69,1,56.8,43.1,827,1582
Jakub Kiwior,Poland,DF,Arsenal,25.0,2000.0,16,9,1032,1,0,0,0,1,0,0.2,5,44,1,70833,3683297,25,26.6,56.8,65,53,2,2,70,6,57.6,43.2,830,1764
Justin Kluivert,Netherlands,"MF,FW",Bournemouth,26.0,1999.0,33,28,2251,12,6,6,6,8,0,10.3,78,101,164,97700,5080409,29,25.9,48.1,55,39,6,7,97,3,62.4,42.6,732,1438
Ibrahima Konaté,France,DF,Liverpool,26.0,1999.0,30,29,2500,1,2,0,0,5,0,1.7,21,109,3,85488,4445358,24,28.0,57.4,84,64,9,9,65,2,80.0,59.6,801,1846
Ezri Konsa,England,DF,Aston Villa,27.0,1997.0,33,32,2846,2,0,0,0,1,0,1.3,24,90,11,91594,4762884,28,27.8,51.0,56,45,3,6,74,3,55.7,41.5,709,1326
Mateo Kovačić,Croatia,MF,Manchester City,31.0,1994.0,31,25,2198,6,2,0,0,5,1,1.9,56,164,16,183188,9525767,29,27.6,61.6,69,51,2,3,59,2,65.2,52.5,1112,1890
Caleb Kporha,England,DF,Crystal Palace,18.0,2006.0,2,0,13,0,0,0,0,0,0,0.0,1,0,0,6712,349038,29,27.0,43.1,48,37,3,4,80,4,58.7,44.7,491,1140
Emil Krafth,Sweden,DF,Newcastle Utd,30.0,1994.0,12,2,342,0,0,0,0,2,0,0.0,5,8,3,67169,3492781,24,28.2,50.9,66,50,5,6,67,1,62.6,45.2,727,1541
Mohammed Kudus,Ghana,"FW,MF",West Ham,24.0,2000.0,31,31,2571,4,3,0,0,2,1,6.8,97,78,214,109913,5715460,27,29.0,48.2,40,26,3,3,81,3,45.9,33.0,617,1192
Dejan Kulusevski,Sweden,"MF,FW",Tottenham,25.0,2000.0,32,27,2389,7,4,0,0,3,0,4.2,120,124,210,134338,6985563,31,25.8,55.2,60,47,2,3,69,1,56.8,43.1,827,1582
Maxence Lacroix,France,DF,Crystal Palace,25.0,2000.0,34,34,3026,1,1,0,0,5,0,3.4,8,65,7,61063,3175256,29,27.0,43.1,48,37,3,4,80,4,58.7,44.7,491,1140
Adam Lallana,England,MF,Southampton,37.0,1988.0,14,5,361,0,2,0,0,4,0,0.2,6,24,10,54956,2857730,36,26.1,48.8,24,15,0,2,89,3,32.0,24.5,628,1114
Tariq Lamptey,Ghana,DF,Brighton,24.0,2000.0,15,10,860,2,2,0,0,0,0,0.4,32,14,45,42744,2222679,32,25.7,52.0,60,40,6,6,77,3,56.5,39.7,798,1478
Will Lankshear,England,"FW,MF",Tottenham,20.0,2005.0,3,0,11,0,0,0,0,0,0,0.0,0,0,1,3356,174519,31,25.8,55.2,60,47,2,3,69,1,56.8,43.1,827,1582
Roméo Lavia,Belgium,MF,Chelsea,21.0,2004.0,15,11,768,0,1,0,0,4,0,0.2,3,31,7,54956,2857730,29,24.5,57.3,60,46,4,5,99,2,66.7,51.6,848,1573
Mario Lemina,Gabon,"MF,DF",Wolves,31.0,1993.0,17,15,1364,1,3,0,0,4,0,1.4,8,48,21,54956,2857730,31,27.7,48.1,52,41,0,0,77,2,42.6,34.6,587,1148
Bernd Leno,Germany,GK,Fulham,33.0,1992.0,37,37,3330,0,1,0,0,5,0,0.0,0,0,0,158763,8255665,26,28.8,52.4,53,44,3,4,80,2,47.8,36.9,773,1524
Jefferson Lerma,Colombia,"MF,DF",Crystal Palace,30.0,1994.0,32,25,2184,0,1,0,0,9,0,1.1,12,96,26,85488,4445358,29,27.0,43.1,48,37,3,4,80,4,58.7,44.7,491,1140
Rico Lewis,England,"DF,MF",Manchester City,20.0,2004.0,28,21,1893,1,2,0,0,5,1,1.4,39,107,78,30531,1587628,29,27.6,61.6,69,51,2,3,59,2,65.2,52.5,1112,1890
Keane Lewis-Potter,England,"DF,FW",Brentford,24.0,2001.0,37,35,3003,1,3,0,0,7,0,2.6,94,93,151,42744,2222679,28,26.6,47.8,64,43,5,6,61,1,57.6,41.3,579,1318
Myles Lewis-Skelly,England,DF,Arsenal,18.0,2006.0,22,15,1348,1,0,0,0,3,2,0.2,35,69,37,5370,279230,25,26.6,56.8,65,53,2,2,70,6,57.6,43.2,830,1764
Matthijs de Ligt,Netherlands,DF,Manchester Utd,25.0,1999.0,29,25,2123,2,0,0,0,3,0,2.5,7,55,6,238144,12383497,31,26.3,53.2,40,28,3,3,84,3,49.7,37.9,669,1379
Pedro Lima,Brazil,DF,Wolves,18.0,2006.0,3,1,70,0,0,0,0,0,0,0.1,4,4,11,18319,952577,31,27.7,48.1,52,41,0,0,77,2,42.6,34.6,587,1148
Victor Lindelöf,Sweden,DF,Manchester Utd,30.0,1994.0,15,5,614,0,0,0,0,1,0,0.0,2,19,3,146550,7620614,31,26.3,53.2,40,28,3,3,84,3,49.7,37.9,669,1379
Jesper Lindstrøm,Denmark,FW,Everton,25.0,2000.0,25,15,1239,0,1,0,0,2,0,2.1,30,25,81,67123,3490377,26,28.8,41.1,38,26,2,2,78,2,40.6,31.5,474,1027
Valentino Livramento,England,DF,Newcastle Utd,22.0,2002.0,36,31,2750,0,1,0,0,1,0,0.3,80,153,112,61063,3175256,24,28.2,50.9,66,50,5,6,67,1,62.6,45.2,727,1541
Sean Longstaff,England,MF,Newcastle Utd,27.0,1997.0,25,8,798,0,0,0,0,2,0,0.6,4,40,22,61063,3175256,24,28.2,50.9,66,50,5,6,67,1,62.6,45.2,727,1541
Saša Lukić,Serbia,MF,Fulham,28.0,1996.0,29,27,2259,0,2,0,0,12,0,1.2,39,94,31,76939,4000822,26,28.8,52.4,53,44,3,4,80,2,47.8,36.9,773,1524
Joe Lumley,England,GK,Southampton,30.0,1995.0,3,3,270,0,0,0,0,0,0,0.0,0,0,0,12213,635051,36,26.1,48.8,24,15,0,2,89,3,32.0,24.5,628,1114
Massimo Luongo,Australia,MF,Ipswich Town,32.0,1992.0,10,2,198,0,0,0,0,0,0,0.0,0,5,1,12213,635051,32,26.6,40.5,34,25,2,2,91,5,33.6,23.7,488,896
Ian Maatsen,Netherlands,DF,Aston Villa,23.0,2002.0,28,9,1049,1,2,0,0,2,0,0.9,30,48,103,122125,6350511,28,27.8,51.0,56,45,3,6,74,3,55.7,41.5,709,1326
Alexis Mac Allister,Argentina,MF,Liverpool,26.0,1998.0,35,30,2599,5,5,0,0,6,0,2.8,36,177,80,183188,9525767,24,28.0,57.4,84,64,9,9,65,2,80.0,59.6,801,1846
James Maddison,England,MF,Tottenham,28.0,1996.0,31,21,1809,9,7,0,0,6,0,5.8,45,164,95,207613,10795869,31,25.8,55.2,60,47,2,3,69,1,56.8,43.1,827,1582
Noni Madueke,England,FW,Chelsea,23.0,2002.0,31,26,1948,7,3,0,0,3,0,9.6,150,68,222,61063,3175256,29,24.5,57.3,60,46,4,5,99,2,66.7,51.6,848,1573
Gabriel Magalhães,Brazil,DF,Arsenal,27.0,1997.0,28,28,2363,3,1,0,0,4,0,2.6,10,126,11,122125,6350511,25,26.6,56.8,65,53,2,2,70,6,57.6,43.2,830,1764
Harry Maguire,England,DF,Manchester Utd,32.0,1993.0,26,18,1668,1,0,0,0,7,0,1.8,7,48,7,232038,12065972,31,26.3,53.2,40,28,3,3,84,3,49.7,37.9,669,1379
Kobbie Mainoo,England,MF,Manchester Utd,20.0,2005.0,24,19,1606,0,0,0,0,5,0,0.7,22,64,45,24425,1270102,31,26.3,53.2,40,28,3,3,84,3,49.7,37.9,669,1379
Tyrell Malacia,Netherlands,DF,Manchester Utd,25.0,1999.0,3,2,100,0,0,0,0,1,0,0.0,3,3,6,91594,4762884,31,26.3,53.2,40,28,3,3,84,3,49.7,37.9,669,1379
Donyell Malen,Netherlands,FW,Aston Villa,26.0,1999.0,13,2,298,3,0,0,0,0,0,2.2,11,5,26,187943,9773056,28,27.8,51.0,56,45,3,6,74,3,55.7,41.5,709,1326
Orel Mangala,Belgium,MF,Everton,27.0,1998.0,19,14,1261,1,0,0,0,2,0,1.1,6,34,19,61063,3175256,26,28.8,41.1,38,26,2,2,78,2,40.6,31.5,474,1027
Ryan Manning,Republic of Ireland,"DF,MF",Southampton,28.0,1996.0,24,18,1462,0,1,0,0,2,0,0.3,14,35,74,18319,952577,36,26.1,48.8,24,15,0,2,89,3,32.0,24.5,628,1114
Solly March,England,"FW,MF",Brighton,30.0,1994.0,8,1,168,0,0,0,0,2,0,0.1,5,2,20,61063,3175256,32,25.7,52.0,60,40,6,6,77,3,56.5,39.7,798,1478
Omar Marmoush,Egypt,"FW,MF",Manchester City,26.0,1999.0,15,13,1094,7,0,0,0,0,0,5.1,25,34,74,396024,20593224,29,27.6,61.6,69,51,2,3,59,2,65.2,52.5,1112,1890
Gabriel Martinelli,Brazil,"FW,MF",Arsenal,23.0,2001.0,32,24,2221,8,4,0,0,1,0,6.5,120,49,281,219825,11430921,25,26.6,56.8,65,53,2,2,70,6,57.6,43.2,830,1764
Emiliano Martínez,Argentina,GK,Aston Villa,32.0,1992.0,36,36,3150,0,0,0,0,5,0,0.0,0,4,0,183188,9525767,28,27.8,51.0,56,45,3,6,74,3,55.7,41.5,709,1326
Lisandro Martínez,Argentina,DF,Manchester Utd,27.0,1998.0,20,20,1751,2,1,0,0,7,0,1.3,23,117,7,146550,7620614,31,26.3,53.2,40,28,3,3,84,3,49.7,37.9,669,1379
Pape Matar Sarr,Senegal,MF,Tottenham,22.0,2002.0,35,21,1868,3,2,0,0,6,0,3.7,32,87,52,85488,4445358,31,25.8,55.2,60,47,2,3,69,1,56.8,43.1,827,1582
Jean-Philippe Mateta,France,FW,Crystal Palace,27.0,1997.0,36,32,2587,14,2,2,2,2,0,12.9,43,52,121,61063,3175256,29,27.0,43.1,48,37,3,4,80,4,58.7,44.7,491,1140
Stephy Mavididi,England,FW,Leicester City,26.0,1998.0,30,16,1615,4,1,0,0,2,0,1.8,91,57,138,12213,635051,31,27.4,45.6,33,25,2,3,85,0,32.4,25.0,569,1068
Konstantinos Mavropanos,Greece,DF,West Ham,27.0,1997.0,32,20,1955,0,0,0,0,6,1,1.5,16,61,2,61063,3175256,27,29.0,48.2,40,26,3,3,81,3,45.9,33.0,617,1192
Noussair Mazraoui,Morocco,DF,Manchester Utd,27.0,1997.0,36,33,2819,0,1,0,0,3,0,0.7,42,113,54,164869,8573190,31,26.3,53.2,40,28,3,3,84,3,49.7,37.9,669,1379
Bryan Mbeumo,Cameroon,FW,Brentford,25.0,1999.0,37,37,3324,19,7,5,6,3,0,12.0,126,138,343,54956,2857730,28,26.6,47.8,64,43,5,6,61,1,57.6,41.3,579,1318
Kasey McAteer,Republic of Ireland,"FW,MF",Leicester City,23.0,2001.0,17,8,767,1,1,0,0,3,0,1.0,18,13,69,18319,952577,31,27.4,45.6,33,25,2,3,85,0,32.4,25.0,569,1068
Alex McCarthy,England,GK,Southampton,35.0,1989.0,5,5,450,0,0,0,0,0,0,0.0,0,0,0,48850,2540205,36,26.1,48.8,24,15,0,2,89,3,32.0,24.5,628,1114
John McGinn,Scotland,"MF,FW",Aston Villa,30.0,1994.0,33,26,2162,1,4,0,0,7,0,3.0,32,103,84,146550,7620614,28,27.8,51.0,56,45,3,6,74,3,55.7,41.5,709,1326
Dwight McNeil,England,"MF,FW",Everton,25.0,1999.0,20,15,1356,4,6,0,0,1,0,1.1,38,67,80,30531,1587628,26,28.8,41.1,38,26,2,2,78,2,40.6,31.5,474,1027
Ben Mee,England,DF,Brentford,35.0,1989.0,7,2,183,0,0,0,0,2,0,0.0,3,11,2,67169,3492781,28,26.6,47.8,64,43,5,6,61,1,57.6,41.3,579,1318
Jayden Meghoma,England,DF,Brentford,18.0,2006.0,1,0,5,0,0,0,0,0,0,0.0,0,0,0,18319,952577,28,26.6,47.8,64,43,5,6,61,1,57.6,41.3,579,1318
Mikel Merino,Spain,"MF,FW",Arsenal,28.0,1996.0,27,16,1496,7,2,0,0,4,1,5.6,10,67,92,158763,8255665,25,26.6,56.8,65,53,2,2,70,6,57.6,43.2,830,1764
Nikola Milenković,Serbia,DF,Nott'ham Forest,27.0,1997.0,36,36,3240,5,2,0,0,4,0,3.9,3,50,6,128231,6668037,23,27.0,40.9,57,42,3,3,88,2,44.3,32.1,610,1079
Lewis Miley,England,MF,Newcastle Utd,19.0,2006.0,14,1,313,1,0,0,0,0,0,0.5,2,17,8,6106,317526,24,28.2,50.9,66,50,5,6,67,1,62.6,45.2,727,1541
James Milner,England,MF,Brighton,39.0,1986.0,3,3,169,0,0,0,0,1,0,0.2,1,10,10,73275,3810307,32,25.7,52.0,60,40,6,6,77,3,56.5,39.7,798,1478
Tyrone Mings,England,DF,Aston Villa,32.0,1993.0,14,12,1120,0,0,0,0,1,0,0.8,7,40,1,122125,6350511,28,27.8,51.0,56,45,3,6,74,3,55.7,41.5,709,1326
Yankuba Minteh,Gambia,"FW,MF",Brighton,20.0,2004.0,31,19,1749,6,4,0,0,6,0,4.0,85,44,183,48850,2540205,32,25.7,52.0,60,40,6,6,77,3,56.5,39.7,798,1478
Tyrick Mitchell,England,DF,Crystal Palace,25.0,1999.0,36,36,3002,0,4,0,0,2,0,1.3,56,66,169,48850,2540205,29,27.0,43.1,48,37,3,4,80,4,58.7,44.7,491,1140
Kaoru Mitoma,Japan,"FW,MF",Brighton,28.0,1997.0,35,28,2558,10,3,0,0,1,0,9.2,140,84,282,97700,5080409,32,25.7,52.0,60,40,6,6,77,3,56.5,39.7,798,1478
Jakub Moder,Poland,MF,Brighton,26.0,1999.0,4,0,11,0,0,0,0,0,0,0.0,2,4,0,12213,635051,32,25.7,52.0,60,40,6,6,77,3,56.5,39.7,798,1478
Mikey Moore,England,FW,Tottenham,17.0,2007.0,10,3,366,0,1,0,0,0,0,0.2,12,9,40,6712,349038,31,25.8,55.2,60,47,2,3,69,1,56.8,43.1,827,1582
Morato,Brazil,DF,Nott'ham Forest,23.0,2001.0,26,6,907,0,0,0,0,5,0,0.2,1,19,1,42744,2222679,23,27.0,40.9,57,42,3,3,88,2,44.3,32.1,610,1079
Sam Morsy,Egypt,MF,Ipswich Town,33.0,1991.0,32,30,2664,1,1,0,0,10,0,0.4,19,113,11,36638,1905153,32,26.6,40.5,34,25,2,2,91,5,33.6,23.7,488,896
Yerson Mosquera,Colombia,DF,Wolves,24.0,2001.0,5,5,441,0,0,0,0,2,0,0.3,0,7,0,9770,508041,31,27.7,48.1,52,41,0,0,77,2,42.6,34.6,587,1148
Mason Mount,England,MF,Manchester Utd,26.0,1999.0,16,7,557,1,0,0,0,3,0,2.5,14,29,33,305313,15876279,31,26.3,53.2,40,28,3,3,84,3,49.7,37.9,669,1379
Mykhailo Mudryk,Ukraine,FW,Chelsea,24.0,2001.0,7,1,151,0,0,0,0,0,0,0.3,7,5,12,122125,6350511,29,24.5,57.3,60,46,4,5,99,2,66.7,51.6,848,1573
Marshall Munetsi,Zimbabwe,"MF,FW",Wolves,28.0,1996.0,13,11,992,1,1,0,0,0,0,3.2,8,9,29,67123,3490377,31,27.7,48.1,52,41,0,0,77,2,42.6,34.6,587,1148
Rodrigo Muniz,Brazil,FW,Fulham,24.0,2001.0,31,8,964,8,1,0,0,1,0,5.8,6,27,31,9159,476288,26,28.8,52.4,53,44,3,4,80,2,47.8,36.9,773,1524
Daniel Muñoz,Colombia,DF,Crystal Palace,28.0,1996.0,36,36,3138,4,5,0,0,10,0,4.9,60,96,204,54956,2857730,29,27.0,43.1,48,37,3,4,80,4,58.7,44.7,491,1140
Arijanet Muric,Kosovo,GK,Ipswich Town,26.0,1998.0,18,18,1620,0,0,0,0,1,0,0.0,0,1,0,42744,2222679,32,26.6,40.5,34,25,2,2,91,5,33.6,23.7,488,896
Murillo,Brazil,DF,Nott'ham Forest,22.0,2002.0,35,35,3098,2,0,0,0,6,0,1.4,20,106,5,36638,1905153,23,27.0,40.9,57,42,3,3,88,2,44.3,32.1,610,1079
Jacob Murphy,England,FW,Newcastle Utd,30.0,1995.0,34,30,2291,8,12,0,0,4,0,5.7,76,80,228,42744,2222679,24,28.2,50.9,66,50,5,6,67,1,62.6,45.2,727,1541
Vitaliy Mykolenko,Ukraine,DF,Everton,25.0,1999.0,34,34,2992,1,1,0,0,3,0,0.5,33,110,98,70833,3683297,26,28.8,41.1,38,26,2,2,78,2,40.6,31.5,474,1027
Iliman Ndiaye,Senegal,FW,Everton,25.0,2000.0,32,28,2356,9,0,2,2,3,0,6.2,83,58,120,54956,2857730,26,28.8,41.1,38,26,2,2,78,2,40.6,31.5,474,1027
Wilfred Ndidi,Nigeria,MF,Leicester City,28.0,1996.0,28,28,2324,0,5,0,0,8,0,2.0,18,70,75,91594,4762884,31,27.4,45.6,33,25,2,3,85,0,32.4,25.0,569,1068
Reiss Nelson,England,FW,Fulham,25.0,1999.0,11,5,487,1,1,0,0,1,0,1.1,45,35,63,122125,6350511,26,28.8,52.4,53,44,3,4,80,2,47.8,36.9,773,1524
Neto,Brazil,GK,Bournemouth,35.0,1989.0,2,2,180,0,0,0,0,0,0,0.0,0,0,0,61063,3175256,29,25.9,48.1,55,39,6,7,97,3,62.4,42.6,732,1438
Pedro Neto,Portugal,FW,Chelsea,25.0,2000.0,34,23,2192,4,5,0,0,8,0,3.2,123,60,250,195400,10160818,29,24.5,57.3,60,46,4,5,99,2,66.7,51.6,848,1573
Eddie Nketiah,England,"FW,MF",Crystal Palace,25.0,1999.0,28,9,1005,3,1,0,0,6,1,5.5,41,19,76,109913,5715460,29,27.0,43.1,48,37,3,4,80,4,58.7,44.7,491,1140
Christopher Nkunku,France,FW,Chelsea,27.0,1997.0,27,9,921,3,2,0,0,2,0,4.8,17,25,68,238144,12383497,29,24.5,57.3,60,46,4,5,99,2,66.7,51.6,848,1573
Gustavo Nunes,Brazil,"FW,MF",Brentford,19.0,2005.0,3,0,12,0,0,0,0,0,0,0.0,1,0,0,30531,1587628,28,26.6,47.8,64,43,5,6,61,1,57.6,41.3,579,1318
Matheus Nunes,Portugal,"DF,MF",Manchester City,26.0,1998.0,25,18,1584,1,6,0,0,4,0,0.9,60,74,161,158763,8255665,29,27.6,61.6,69,51,2,3,59,2,65.2,52.5,1112,1890
Darwin Núñez,Uruguay,FW,Liverpool,25.0,1999.0,29,8,1103,5,2,0,0,8,0,5.3,23,27,76,170975,8890716,24,28.0,57.4,84,64,9,9,65,2,80.0,59.6,801,1846
Ethan Nwaneri,England,"FW,MF",Arsenal,18.0,2007.0,25,10,821,4,2,0,0,1,0,1.1,44,30,102,8055,418845,25,26.6,56.8,65,53,2,2,70,6,57.6,43.2,830,1764
Christian Nørgaard,Denmark,MF,Brentford,31.0,1994.0,33,33,2729,5,3,0,0,8,1,4.2,14,146,40,42744,2222679,28,26.6,47.8,64,43,5,6,61,1,57.6,41.3,579,1318
Jake O'Brien,Republic of Ireland,DF,Everton,24.0,2001.0,19,16,1481,2,0,0,0,5,0,0.8,7,49,25,42744,2222679,26,28.8,41.1,38,26,2,2,78,2,40.6,31.5,474,1027
Matt O'Riley,Denmark,MF,Brighton,24.0,2000.0,20,11,923,1,2,0,0,1,0,2.0,22,38,52,61063,3175256,32,25.7,52.0,60,40,6,6,77,3,56.5,39.7,798,1478
Dara O'Shea,Republic of Ireland,DF,Ipswich Town,26.0,1999.0,34,34,3032,0,2,0,0,6,0,1.3,3,76,8,42744,2222679,32,26.6,40.5,34,25,2,2,91,5,33.6,23.7,488,896
Wilson Odobert,France,"FW,MF",Tottenham,20.0,2004.0,15,9,805,1,0,0,0,0,0,1.6,44,26,66,30531,1587628,31,25.8,55.2,60,47,2,3,69,1,56.8,43.1,827,1582
Chiedozie Ogbene,Republic of Ireland,FW,Ipswich Town,28.0,1997.0,5,3,238,0,0,0,0,0,0,0.0,7,0,15,30531,1587628,32,26.6,40.5,34,25,2,2,91,5,33.6,23.7,488,896
Caleb Okoli,Italy,DF,Leicester City,23.0,2001.0,19,12,1125,1,0,0,0,4,0,0.6,3,32,2,30531,1587628,31,27.4,45.6,33,25,2,3,85,0,32.4,25.0,569,1068
Robin Olsen,Sweden,GK,Aston Villa,35.0,1990.0,3,1,180,0,0,0,0,0,0,0.0,0,0,0,61063,3175256,28,27.8,51.0,56,45,3,6,74,3,55.7,41.5,709,1326
Amadou Onana,Belgium,MF,Aston Villa,23.0,2001.0,25,19,1555,3,0,0,0,4,0,2.1,26,72,16,170975,8890716,28,27.8,51.0,56,45,3,6,74,3,55.7,41.5,709,1326
André Onana,Cameroon,GK,Manchester Utd,29.0,1996.0,34,34,3060,0,0,0,0,0,0,0.0,0,1,0,146550,7620614,31,26.3,53.2,40,28,3,3,84,3,49.7,37.9,669,1379
Paul Onuachu,Nigeria,FW,Southampton,30.0,1994.0,24,11,1029,4,1,0,0,4,0,3.6,7,13,40,36638,1905153,36,26.1,48.8,24,15,0,2,89,3,32.0,24.5,628,1114
Stefan Ortega,Germany,GK,Manchester City,32.0,1992.0,13,12,1100,0,0,0,0,1,0,0.0,0,0,0,109913,5715460,29,27.6,61.6,69,51,2,3,59,2,65.2,52.5,1112,1890
William Osula,Denmark,FW,Newcastle Utd,21.0,2003.0,13,0,131,1,0,0,0,0,0,0.1,3,2,15,24425,1270102,24,28.2,50.9,66,50,5,6,67,1,62.6,45.2,727,1541
Dango Ouattara,Burkina Faso,FW,Bournemouth,23.0,2002.0,32,21,2005,7,4,0,0,3,0,8.4,79,43,191,42744,2222679,29,25.9,48.1,55,39,6,7,97,3,62.4,42.6,732,1438
Alex Palmer,England,GK,Ipswich Town,28.0,1996.0,13,13,1170,0,0,0,0,2,0,0.0,0,1,0,16109,837690,32,26.6,40.5,34,25,2,2,91,5,33.6,23.7,488,896
Cole Palmer,England,MF,Chelsea,23.0,2002.0,36,35,3101,15,8,4,5,7,0,17.2,118,212,182,158763,8255665,29,24.5,57.3,60,46,4,5,99,2,66.7,51.6,848,1573
Emerson Palmieri,Italy,DF,West Ham,30.0,1994.0,31,26,2113,2,1,0,0,5,0,2.0,47,66,83,116019,6032986,27,29.0,48.2,40,26,3,3,81,3,45.9,33.0,617,1192
Lucas Paquetá,Brazil,"MF,FW",West Ham,27.0,1997.0,32,27,2369,4,0,2,2,10,0,5.3,26,155,85,183188,9525767,27,29.0,48.2,40,26,3,3,81,3,45.9,33.0,617,1192
Thomas Partey,Ghana,"MF,DF",Arsenal,31.0,1993.0,34,30,2707,4,2,0,0,4,0,2.3,35,176,48,244250,12701023,25,26.6,56.8,65,53,2,2,70,6,57.6,43.2,830,1764
Nathan Patterson,Scotland,DF,Everton,23.0,2001.0,10,3,347,0,1,0,0,1,0,0.1,6,13,18,34195,1778143,26,28.8,41.1,38,26,2,2,78,2,40.6,31.5,474,1027
Andreas Pereira,Brazil,MF,Fulham,29.0,1996.0,32,24,1953,2,4,0,1,7,0,3.5,29,103,80,61063,3175256,26,28.8,52.4,53,44,3,4,80,2,47.8,36.9,773,1524
Ricardo Pereira,Portugal,DF,Leicester City,31.0,1993.0,9,4,369,0,0,0,0,1,0,0.1,3,15,5,97700,5080409,31,27.4,45.6,33,25,2,3,85,0,32.4,25.0,569,1068
Kalvin Phillips,England,MF,Ipswich Town,29.0,1995.0,19,14,1237,0,0,0,0,6,1,0.4,4,51,4,201368,10471131,32,26.6,40.5,34,25,2,2,91,5,33.6,23.7,488,896
Jaden Philogene Bidace,England,"FW,DF",Ipswich Town,23.0,2002.0,10,5,474,2,0,0,0,1,0,2.0,13,10,36,48850,2540205,32,26.6,40.5,34,25,2,2,91,5,33.6,23.7,488,896
Jordan Pickford,England,GK,Everton,31.0,1994.0,37,37,3330,0,1,0,0,7,0,0.0,0,0,0,152657,7938139,26,28.8,41.1,38,26,2,2,78,2,40.6,31.5,474,1027
Ethan Pinnock,Jamaica,DF,Brentford,31.0,1993.0,22,21,1913,2,0,0,0,2,0,1.1,3,41,9,36638,1905153,28,26.6,47.8,64,43,5,6,61,1,57.6,41.3,579,1318
Nick Pope,England,GK,Newcastle Utd,33.0,1992.0,27,27,2430,0,0,0,0,2,0,0.0,0,1,0,73275,3810307,24,28.2,50.9,66,50,5,6,67,1,62.6,45.2,727,1541
Pedro Porro,Spain,DF,Tottenham,25.0,1999.0,32,27,2520,2,6,0,0,4,0,1.6,64,152,107,103806,5397935,31,25.8,55.2,60,47,2,3,69,1,56.8,43.1,827,1582
Jarell Quansah,England,DF,Liverpool,22.0,2003.0,13,4,495,0,0,0,0,2,0,0.1,3,19,4,36638,1905153,24,28.0,57.4,84,64,9,9,65,2,80.0,59.6,801,1846
Hákon Rafn Valdimarsson,Iceland,GK,Brentford,23.0,2001.0,2,1,145,0,0,0,0,0,0,0.0,0,0,0,12213,635051,28,26.6,47.8,64,43,5,6,61,1,57.6,41.3,579,1318
Aaron Ramsdale,England,GK,Southampton,27.0,1998.0,29,29,2610,0,0,0,0,2,0,0.0,0,0,0,146550,7620614,36,26.1,48.8,24,15,0,2,89,3,32.0,24.5,628,1114
Jacob Ramsey,England,"FW,MF",Aston Villa,23.0,2001.0,28,19,1595,1,3,0,0,4,1,1.6,60,68,110,85488,4445358,28,27.8,51.0,56,45,3,6,74,3,55.7,41.5,709,1326
Marcus Rashford,England,"FW,MF",Manchester Utd,27.0,1997.0,15,12,978,4,1,0,0,2,0,1.7,20,21,79,366376,19051534,31,26.3,53.2,40,28,3,3,84,3,49.7,37.9,669,1379
David Raya,Spain,GK,Arsenal,29.0,1995.0,37,37,3330,0,0,0,0,3,0,0.0,0,14,0,122125,6350511,25,26.6,56.8,65,53,2,2,70,6,57.6,43.2,830,1764
Harrison Reed,England,MF,Fulham,30.0,1995.0,12,0,108,0,0,0,0,2,0,0.2,1,4,7,61063,3175256,26,28.8,52.4,53,44,3,4,80,2,47.8,36.9,773,1524
Sergio Reguilón,Spain,DF,Tottenham,28.0,1996.0,4,1,196,0,0,0,0,2,0,0.1,5,13,12,64726,3365771,31,25.8,55.2,60,47,2,3,69,1,56.8,43.1,827,1582
Vitor Reis,Brazil,DF,Manchester City,19.0,2006.0,1,0,1,0,0,0,0,0,0,0.0,0,0,0,53698,2792302,29,27.6,61.6,69,51,2,3,59,2,65.2,52.5,1112,1890
Chadi Riad,Morocco,DF,Crystal Palace,21.0,2003.0,1,1,90,0,0,0,0,0,0,0.0,2,7,0,36638,1905153,29,27.0,43.1,48,37,3,4,80,4,58.7,44.7,491,1140
Declan Rice,England,MF,Arsenal,26.0,1999.0,34,32,2735,4,7,0,0,7,1,3.4,90,183,93,293101,15241227,25,26.6,56.8,65,53,2,2,70,6,57.6,43.2,830,1764
Chris Richards,United States,DF,Crystal Palace,25.0,2000.0,23,21,1832,1,0,0,0,4,1,1.3,6,38,2,67169,3492781,29,27.0,43.1,48,37,3,4,80,4,58.7,44.7,491,1140
Richarlison,Brazil,FW,Tottenham,28.0,1997.0,14,4,479,4,1,0,0,2,0,3.7,8,11,22,109913,5715460,31,25.8,55.2,60,47,2,3,69,1,56.8,43.1,827,1582
Andrew Robertson,Scotland,DF,Liverpool,31.0,1994.0,32,28,2398,0,1,0,0,3,1,1.2,62,167,97,195400,10160818,24,28.0,57.4,84,64,9,9,65,2,80.0,59.6,801,1846
Antonee Robinson,United States,DF,Fulham,27.0,1997.0,35,34,3077,0,10,0,0,8,0,0.7,117,127,269,61063,3175256,26,28.8,52.4,53,44,3,4,80,2,47.8,36.9,773,1524
Rodri,Spain,MF,Manchester City,28.0,1996.0,3,1,73,0,0,0,0,0,0,0.0,1,4,1,268675,13971125,29,27.6,61.6,69,51,2,3,59,2,65.2,52.5,1112,1890
Guido Rodríguez,Argentina,MF,West Ham,31.0,1994.0,22,16,1138,0,0,0,0,6,0,0.2,3,32,6,91594,4762884,27,29.0,48.2,40,26,3,3,81,3,45.9,33.0,617,1192
Mads Roerslev,Denmark,DF,Brentford,25.0,1999.0,19,11,1101,0,2,0,0,2,0,0.2,17,51,54,24425,1270102,28,26.6,47.8,64,43,5,6,61,1,57.6,41.3,579,1318
Morgan Rogers,England,"FW,MF",Aston Villa,22.0,2002.0,36,36,3031,8,10,0,0,9,0,6.6,114,122,187,91594,4762884,28,27.8,51.0,56,45,3,6,74,3,55.7,41.5,709,1326
Cristian Romero,Argentina,DF,Tottenham,27.0,1998.0,18,18,1416,1,0,0,0,3,0,1.6,12,71,3,201507,10478344,31,25.8,55.2,60,47,2,3,69,1,56.8,43.1,827,1582
Georginio Rutter,France,"MF,FW",Brighton,23.0,2002.0,28,19,1656,5,3,0,0,2,0,4.6,42,67,79,91594,4762884,32,25.7,52.0,60,40,6,6,77,3,56.5,39.7,798,1478
José Sá,Portugal,GK,Wolves,32.0,1993.0,28,28,2520,0,0,0,0,2,0,0.0,0,2,0,48850,2540205,31,27.7,48.1,52,41,0,0,77,2,42.6,34.6,587,1148
Bukayo Saka,England,"FW,MF",Arsenal,23.0,2001.0,24,20,1701,6,10,1,1,3,0,6.8,94,67,247,238144,12383497,25,26.6,56.8,65,53,2,2,70,6,57.6,43.2,830,1764
Mohamed Salah,Egypt,FW,Liverpool,32.0,1992.0,37,37,3281,28,18,9,9,1,0,24.8,153,140,470,427438,22226790,24,28.0,57.4,84,64,9,9,65,2,80.0,59.6,801,1846
William Saliba,France,DF,Arsenal,24.0,2001.0,35,35,3039,2,0,0,0,2,1,2.3,16,138,6,232038,12065972,25,26.6,56.8,65,53,2,2,70,6,57.6,43.2,830,1764
Robert Sánchez,Spain,GK,Chelsea,27.0,1997.0,31,31,2790,0,0,0,0,5,0,0.0,0,1,0,73275,3810307,29,24.5,57.3,60,46,4,5,99,2,66.7,51.6,848,1573
Jadon Sancho,England,FW,Chelsea,25.0,2000.0,30,18,1703,3,4,0,0,2,0,2.2,100,88,221,183188,9525767,29,24.5,57.3,60,46,4,5,99,2,66.7,51.6,848,1573
Ibrahim Sangaré,Cote dIvoire,MF,Nott'ham Forest,27.0,1997.0,12,6,534,0,1,0,0,3,0,0.0,1,24,3,91594,4762884,23,27.0,40.9,57,42,3,3,88,2,44.3,32.1,610,1079
Pablo Sarabia,Spain,"MF,FW",Wolves,33.0,1992.0,23,7,814,3,2,0,0,3,0,2.9,15,60,62,109913,5715460,31,27.7,48.1,52,41,0,0,77,2,42.6,34.6,587,1148
Jeremy Sarmiento,Ecuador,MF,Brighton,22.0,2002.0,1,0,9,0,0,0,0,0,0,0.0,0,0,2,26182,1361441,32,25.7,52.0,60,40,6,6,77,3,56.5,39.7,798,1478
Ismaila Sarr,Senegal,MF,Crystal Palace,27.0,1998.0,37,29,2621,7,6,0,0,4,0,10.1,72,84,179,85488,4445358,29,27.0,43.1,48,37,3,4,80,4,58.7,44.7,491,1140
Sávio,Brazil,"FW,MF",Manchester City,21.0,2004.0,28,21,1749,1,8,0,0,3,0,5.0,135,66,244,48850,2540205,29,27.6,61.6,69,51,2,3,59,2,65.2,52.5,1112,1890
Dane Scarlett,England,"FW,MF",Tottenham,21.0,2004.0,3,0,34,0,1,0,0,0,0,0.0,1,1,1,10068,523557,31,25.8,55.2,60,47,2,3,69,1,56.8,43.1,827,1582
Kevin Schade,Germany,FW,Brentford,23.0,2001.0,37,25,2214,11,2,0,0,3,0,8.1,59,36,158,12213,635051,28,26.6,47.8,64,43,5,6,61,1,57.6,41.3,579,1318
Fabian Schär,Switzerland,DF,Newcastle Utd,33.0,1991.0,33,32,2844,4,0,0,0,8,1,3.3,14,110,21,54956,2857730,24,28.2,50.9,66,50,5,6,67,1,62.6,45.2,727,1541
Jeffrey Schlupp,Ghana,"MF,DF",Crystal Palace,32.0,1992.0,12,0,103,0,0,0,0,0,0,0.2,4,5,9,73275,3810307,29,27.0,43.1,48,37,3,4,80,4,58.7,44.7,491,1140
Alex Scott,England,MF,Bournemouth,21.0,2003.0,19,8,754,0,0,0,0,3,0,0.7,15,52,33,48850,2540205,29,25.9,48.1,55,39,6,7,97,3,62.4,42.6,732,1438
Matz Sels,Belgium,GK,Nott'ham Forest,33.0,1992.0,37,37,3330,0,0,0,0,4,0,0.0,0,1,0,42744,2222679,23,27.0,40.9,57,42,3,3,88,2,44.3,32.1,610,1079
Nélson Semedo,Portugal,DF,Wolves,31.0,1993.0,33,31,2796,0,4,0,0,7,0,0.8,64,77,114,97700,5080409,31,27.7,48.1,52,41,0,0,77,2,42.6,34.6,587,1148
Antoine Semenyo,Ghana,FW,Bournemouth,25.0,2000.0,36,35,3113,9,5,0,0,9,0,9.5,138,108,272,61063,3175256,29,25.9,48.1,55,39,6,7,97,3,62.4,42.6,732,1438
Marcos Senesi,Argentina,DF,Bournemouth,28.0,1997.0,16,12,1029,0,0,0,0,5,0,0.8,12,54,6,61063,3175256,29,25.9,48.1,55,39,6,7,97,3,62.4,42.6,732,1438
Ryan Sessegnon,England,"FW,DF",Fulham,25.0,2000.0,15,7,563,4,2,0,0,1,0,1.6,15,20,56,54956,2857730,26,28.8,52.4,53,44,3,4,80,2,47.8,36.9,773,1524
Luke Shaw,England,DF,Manchester Utd,29.0,1995.0,7,4,349,0,0,0,0,1,0,0.0,7,24,7,183188,9525767,31,26.3,53.2,40,28,3,3,84,3,49.7,37.9,669,1379
Bernardo Silva,Portugal,"MF,FW",Manchester City,30.0,1994.0,32,28,2580,4,4,0,0,7,0,3.9,99,126,198,366376,19051534,29,27.6,61.6,69,51,2,3,59,2,65.2,52.5,1112,1890
Jota Silva,Portugal,"FW,MF",Nott'ham Forest,25.0,1999.0,30,5,846,3,1,0,0,5,0,2.1,21,18,59,30531,1587628,23,27.0,40.9,57,42,3,3,88,2,44.3,32.1,610,1079
Eric da Silva Moreira,Germany,"MF,DF",Nott'ham Forest,19.0,2006.0,2,0,30,0,0,0,0,0,0,0.0,1,0,1,9770,508041,23,27.0,40.9,57,42,3,3,88,2,44.3,32.1,610,1079
Jahmai Simpson-Pusey,England,DF,Manchester City,19.0,2005.0,2,1,96,0,0,0,0,1,0,0.0,1,3,0,8055,418845,29,27.6,61.6,69,51,2,3,59,2,65.2,52.5,1112,1890
Luis Sinisterra,Colombia,"FW,MF",Bournemouth,25.0,1999.0,12,1,236,1,1,0,0,0,0,1.2,19,6,38,79381,4127832,29,25.9,48.1,55,39,6,7,97,3,62.4,42.6,732,1438
Oliver Skipp,England,MF,Leicester City,24.0,2000.0,23,9,1058,0,0,0,0,8,0,0.2,16,34,19,61063,3175256,31,27.4,45.6,33,25,2,3,85,0,32.4,25.0,569,1068
William Smallbone,Republic of Ireland,MF,Southampton,25.0,2000.0,17,6,678,1,0,0,0,1,0,0.6,5,27,25,30531,1587628,36,26.1,48.8,24,15,0,2,89,3,32.0,24.5,628,1114
Adam Smith,England,DF,Bournemouth,34.0,1991.0,24,18,1500,0,0,0,0,7,0,0.7,12,43,33,48850,2540205,29,25.9,48.1,55,39,6,7,97,3,62.4,42.6,732,1438
Emile Smith Rowe,England,MF,Fulham,24.0,2000.0,33,25,2013,6,3,0,0,3,0,4.5,53,122,123,73275,3810307,26,28.8,52.4,53,44,3,4,80,2,47.8,36.9,773,1524
Dominic Solanke,England,FW,Tottenham,27.0,1997.0,26,24,2136,8,3,0,0,0,0,10.1,30,47,88,109913,5715460,31,25.8,55.2,60,47,2,3,69,1,56.8,43.1,827,1582
Carlos Soler,Spain,"MF,FW",West Ham,28.0,1997.0,31,14,1408,1,1,0,0,6,0,1.8,17,56,37,97700,5080409,27,29.0,48.2,40,26,3,3,81,3,45.9,33.0,617,1192
Julio Soler,Argentina,"DF,FW",Bournemouth,20.0,2005.0,2,0,10,0,0,0,0,0,0,0.0,0,0,2,20137,1047113,29,25.9,48.1,55,39,6,7,97,3,62.4,42.6,732,1438
Ramón Sosa,Paraguay,"FW,MF",Nott'ham Forest,25.0,1999.0,19,1,295,1,0,0,0,1,0,1.0,12,6,17,36638,1905153,23,27.0,40.9,57,42,3,3,88,2,44.3,32.1,610,1079
Tomáš Souček,Czech Republic,MF,West Ham,30.0,1995.0,34,29,2477,9,1,0,0,8,0,6.6,8,71,67,109913,5715460,27,29.0,48.2,40,26,3,3,81,3,45.9,33.0,617,1192
Boubakary Soumaré,France,MF,Leicester City,26.0,1999.0,30,24,2081,0,0,0,0,8,0,0.3,34,103,23,97700,5080409,31,27.4,45.6,33,25,2,3,85,0,32.4,25.0,569,1068
Djed Spence,England,DF,Tottenham,24.0,2000.0,24,19,1784,1,2,0,0,4,1,0.6,58,105,70,61063,3175256,31,25.8,55.2,60,47,2,3,69,1,56.8,43.1,827,1582
Jason Steele,England,GK,Brighton,34.0,1990.0,2,2,180,0,0,0,0,0,0,0.0,0,0,0,24425,1270102,32,25.7,52.0,60,40,6,6,77,3,56.5,39.7,798,1478
Jack Stephens,England,DF,Southampton,31.0,1994.0,19,17,1389,1,0,0,0,2,2,0.6,14,63,2,54956,2857730,36,26.1,48.8,24,15,0,2,89,3,32.0,24.5,628,1114
Raheem Sterling,England,"FW,MF",Arsenal,30.0,1994.0,16,6,437,0,2,0,0,1,0,1.3,25,17,73,147670,7678829,25,26.6,56.8,65,53,2,2,70,6,57.6,43.2,830,1764
Ross Stewart,Scotland,FW,Southampton,28.0,1996.0,11,3,320,0,0,0,0,1,0,0.8,3,2,7,24425,1270102,36,26.1,48.8,24,15,0,2,89,3,32.0,24.5,628,1114
Jakub Stolarczyk,Poland,GK,Leicester City,24.0,2000.0,9,9,810,0,0,0,0,1,0,0.0,0,1,0,12213,635051,31,27.4,45.6,33,25,2,3,85,0,32.4,25.0,569,1068
John Stones,England,"DF,MF",Manchester City,30.0,1994.0,11,6,548,2,0,0,0,1,0,0.4,10,21,2,305313,15876279,29,27.6,61.6,69,51,2,3,59,2,65.2,52.5,1112,1890
Jørgen Strand Larsen,Norway,FW,Wolves,25.0,2000.0,34,30,2561,14,3,0,0,4,0,10.3,17,29,111,18319,952577,31,27.7,48.1,52,41,0,0,77,2,42.6,34.6,587,1148
Yukinari Sugawara,Japan,"DF,MF",Southampton,24.0,2000.0,29,15,1467,1,1,0,0,4,0,0.5,32,68,76,48850,2540205,36,26.1,48.8,24,15,0,2,89,3,32.0,24.5,628,1114
Kamaldeen Sulemana,Ghana,"FW,MF",Southampton,23.0,2002.0,25,16,1324,1,1,0,0,2,0,1.4,59,27,85,48850,2540205,36,26.1,48.8,24,15,0,2,89,3,32.0,24.5,628,1114
Crysencio Summerville,Netherlands,"FW,MF",West Ham,23.0,2001.0,19,7,786,1,1,0,0,2,0,1.6,29,18,71,36638,1905153,27,29.0,48.2,40,26,3,3,81,3,45.9,33.0,617,1192
Sammie Szmodics,Republic of Ireland,"FW,MF",Ipswich Town,29.0,1995.0,19,13,979,4,0,0,0,2,0,3.4,16,18,46,30531,1587628,32,26.6,40.5,34,25,2,2,91,5,33.6,23.7,488,896
Dominik Szoboszlai,Hungary,MF,Liverpool,24.0,2000.0,35,28,2432,6,6,0,0,6,0,7.3,71,124,124,146550,7620614,24,28.0,57.4,84,64,9,9,65,2,80.0,59.6,801,1846
Matt Targett,England,DF,Newcastle Utd,29.0,1995.0,2,0,21,0,0,0,0,0,0,0.0,0,0,1,122125,6350511,24,28.2,50.9,66,50,5,6,67,1,62.6,45.2,727,1541
James Tarkowski,England,DF,Everton,32.0,1992.0,33,33,2922,1,1,0,0,6,0,1.3,9,75,3,122125,6350511,26,28.8,41.1,38,26,2,2,78,2,40.6,31.5,474,1027
Marcus Tavernier,England,"FW,MF",Bournemouth,26.0,1999.0,28,19,1850,3,5,0,0,6,0,5.3,50,114,124,42744,2222679,29,25.9,48.1,55,39,6,7,97,3,62.4,42.6,732,1438
Charlie Taylor,England,DF,Southampton,31.0,1993.0,7,2,266,0,0,0,0,1,0,0.0,3,8,6,36638,1905153,36,26.1,48.8,24,15,0,2,89,3,32.0,24.5,628,1114
Jack Taylor,Republic of Ireland,MF,Ipswich Town,26.0,1998.0,31,4,847,1,0,0,0,4,0,0.7,11,43,22,12213,635051,32,26.6,40.5,34,25,2,2,91,5,33.6,23.7,488,896
Mathys Tel,France,FW,Tottenham,20.0,2005.0,12,10,829,2,1,1,1,2,0,2.3,24,19,66,107396,5584603,31,25.8,55.2,60,47,2,3,69,1,56.8,43.1,827,1582
Kenny Tete,Netherlands,DF,Fulham,29.0,1995.0,21,20,1684,0,2,0,0,5,0,1.3,34,62,53,61063,3175256,26,28.8,52.4,53,44,3,4,80,2,47.8,36.9,773,1524
Luke Thomas,England,DF,Leicester City,23.0,2001.0,13,12,1039,0,0,0,0,2,0,0.4,4,35,16,18319,952577,31,27.4,45.6,33,25,2,3,85,0,32.4,25.0,569,1068
Youri Tielemans,Belgium,MF,Aston Villa,28.0,1997.0,35,35,2997,3,7,0,1,4,0,3.1,39,234,48,183188,9525767,28,27.8,51.0,56,45,3,6,74,3,55.7,41.5,709,1326
Kieran Tierney,Scotland,"DF,FW",Arsenal,27.0,1997.0,12,1,197,0,0,0,0,0,0,0.2,5,12,23,134338,6985563,25,26.6,56.8,65,53,2,2,70,6,57.6,43.2,830,1764
Jurriën Timber,Netherlands,DF,Arsenal,23.0,2001.0,30,27,2417,1,3,0,0,7,0,1.2,57,146,104,109913,5715460,25,26.6,56.8,65,53,2,2,70,6,57.6,43.2,830,1764
Jean-Clair Todibo,France,DF,West Ham,25.0,1999.0,26,19,1736,0,0,0,0,3,0,0.4,9,37,5,24425,1270102,27,29.0,48.2,40,26,3,3,81,3,45.9,33.0,617,1192
Harry Toffolo,England,DF,Nott'ham Forest,29.0,1995.0,4,1,137,0,0,0,0,1,0,0.0,0,2,4,42744,2222679,23,27.0,40.9,57,42,3,3,88,2,44.3,32.1,610,1079
Takehiro Tomiyasu,Japan,DF,Arsenal,26.0,1998.0,1,0,7,0,0,0,0,0,0,0.2,0,1,0,122125,6350511,25,26.6,56.8,65,53,2,2,70,6,57.6,43.2,830,1764
Sandro Tonali,Italy,MF,Newcastle Utd,25.0,2000.0,35,27,2540,4,2,0,0,5,0,4.4,33,123,49,146550,7620614,24,28.2,50.9,66,50,5,6,67,1,62.6,45.2,727,1541
Pau Torres,Spain,DF,Aston Villa,28.0,1997.0,23,22,1930,0,0,0,0,1,0,0.5,40,96,8,122125,6350511,28,27.8,51.0,56,45,3,6,74,3,55.7,41.5,709,1326
Conor Townsend,England,DF,Ipswich Town,32.0,1993.0,6,3,335,0,1,0,0,1,0,0.0,2,8,13,18319,952577,32,26.6,40.5,34,25,2,2,91,5,33.6,23.7,488,896
Adama Traoré,Spain,"FW,MF",Fulham,29.0,1996.0,35,17,1699,2,7,0,0,3,0,3.9,99,67,156,79381,4127832,26,28.8,52.4,53,44,3,4,80,2,47.8,36.9,773,1524
Boubacar Traoré,Mali,MF,Wolves,23.0,2001.0,1,0,1,0,0,0,0,0,0,0.0,0,0,0,67169,3492781,31,27.7,48.1,52,41,0,0,77,2,42.6,34.6,587,1148
Mark Travers,Republic of Ireland,GK,Bournemouth,26.0,1999.0,5,5,450,0,0,0,0,0,0,0.0,0,0,0,24425,1270102,29,25.9,48.1,55,39,6,7,97,3,62.4,42.6,732,1438
Ryan Trevitt,England,MF,Brentford,22.0,2003.0,1,0,4,0,0,0,0,0,0,0.0,0,0,1,3053,158763,28,26.6,47.8,64,43,5,6,61,1,57.6,41.3,579,1318
Kieran Trippier,England,DF,Newcastle Utd,34.0,1990.0,24,14,1281,0,3,0,0,1,0,0.1,25,111,53,146550,7620614,24,28.2,50.9,66,50,5,6,67,1,62.6,45.2,727,1541
Leandro Trossard,Belgium,FW,Arsenal,30.0,1994.0,37,28,2518,8,6,0,0,4,1,7.1,80,101,221,109913,5715460,25,26.6,56.8,65,53,2,2,70,6,57.6,43.2,830,1764
Kostas Tsimikas,Greece,DF,Liverpool,29.0,1996.0,18,9,837,0,1,0,0,2,0,0.4,17,76,43,91594,4762884,24,28.0,57.4,84,64,9,9,65,2,80.0,59.6,801,1846
Axel Tuanzebe,Congo DR,DF,Ipswich Town,27.0,1997.0,21,19,1620,0,1,0,0,5,1,0.2,9,55,11,48850,2540205,32,26.6,40.5,34,25,2,2,91,5,33.6,23.7,488,896
Destiny Udogie,Italy,DF,Tottenham,22.0,2002.0,24,23,1834,0,1,0,0,2,0,0.3,54,120,93,91594,4762884,31,25.8,55.2,60,47,2,3,69,1,56.8,43.1,827,1582
Lesley Ugochukwu,France,MF,Southampton,21.0,2004.0,25,17,1570,1,1,0,0,7,0,0.9,29,49,20,54956,2857730,36,26.1,48.8,24,15,0,2,89,3,32.0,24.5,628,1114
Enes Ünal,Turkey,"FW,MF",Bournemouth,28.0,1997.0,17,2,345,2,1,0,0,2,0,2.7,4,12,22,18319,952577,29,25.9,48.1,55,39,6,7,97,3,62.4,42.6,732,1438
Virgil van Dijk,Netherlands,DF,Liverpool,33.0,1991.0,36,36,3240,3,1,0,0,4,0,2.2,18,182,6,268675,13971125,24,28.0,57.4,84,64,9,9,65,2,80.0,59.6,801,1846
Jamie Vardy,England,FW,Leicester City,38.0,1987.0,35,35,2823,9,4,1,2,5,0,11.2,29,22,120,170975,8890716,31,27.4,45.6,33,25,2,3,85,0,32.4,25.0,569,1068
Renato Veiga,Portugal,"DF,MF",Chelsea,21.0,2003.0,7,1,181,0,0,0,0,2,0,0.1,4,7,3,30531,1587628,29,24.5,57.3,60,46,4,5,99,2,66.7,51.6,848,1573
Joël Veltman,Netherlands,DF,Brighton,33.0,1992.0,20,19,1665,0,0,0,0,4,0,0.5,30,80,32,61063,3175256,32,25.7,52.0,60,40,6,6,77,3,56.5,39.7,798,1478
Micky van de Ven,Netherlands,DF,Tottenham,24.0,2001.0,12,11,950,0,2,0,0,4,0,0.6,8,51,1,61063,3175256,31,25.8,55.2,60,47,2,3,69,1,56.8,43.1,827,1582
Bart Verbruggen,Netherlands,GK,Brighton,22.0,2002.0,35,35,3150,0,1,0,0,5,0,0.0,0,2,0,42744,2222679,32,25.7,52.0,60,40,6,6,77,3,56.5,39.7,798,1478
Jannik Vestergaard,Denmark,DF,Leicester City,32.0,1992.0,18,16,1391,0,0,0,0,5,0,0.1,3,32,2,73275,3810307,31,27.4,45.6,33,25,2,3,85,0,32.4,25.0,569,1068
Guglielmo Vicario,Italy,GK,Tottenham,28.0,1996.0,23,23,2070,0,0,0,0,1,0,0.0,0,1,0,91594,4762884,31,25.8,55.2,60,47,2,3,69,1,56.8,43.1,827,1582
Carlos Vinícius,Brazil,"MF,FW",Fulham,30.0,1995.0,3,0,16,0,0,0,0,0,0,0.0,1,0,3,48850,2540205,26,28.8,52.4,53,44,3,4,80,2,47.8,36.9,773,1524
Kyle Walker,England,DF,Manchester City,34.0,1990.0,15,9,970,0,0,0,0,3,0,0.1,12,64,11,213719,11113395,29,27.6,61.6,69,51,2,3,59,2,65.2,52.5,1112,1890
Kyle Walker-Peters,England,DF,Southampton,28.0,1997.0,33,33,2918,0,2,0,0,5,0,0.8,114,139,144,24425,1270102,36,26.1,48.8,24,15,0,2,89,3,32.0,24.5,628,1114
Christian Walton,England,GK,Ipswich Town,29.0,1995.0,6,6,540,0,0,0,0,0,0,0.0,0,0,0,24425,1270102,32,26.6,40.5,34,25,2,2,91,5,33.6,23.7,488,896
Aaron Wan-Bissaka,England,DF,West Ham,27.0,1997.0,35,34,3064,2,4,0,0,1,0,1.2,110,146,160,109913,5715460,27,29.0,48.2,40,26,3,3,81,3,45.9,33.0,617,1192
Danny Ward,Wales,GK,Leicester City,31.0,1993.0,2,1,135,0,0,0,0,0,0,0.0,0,0,0,48850,2540205,31,27.4,45.6,33,25,2,3,85,0,32.4,25.0,569,1068
Joel Ward,England,DF,Crystal Palace,35.0,1989.0,2,1,71,0,0,0,0,1,0,0.0,0,1,1,42744,2222679,29,27.0,43.1,48,37,3,4,80,4,58.7,44.7,491,1140
James Ward-Prowse,England,MF,West Ham,30.0,1994.0,14,11,961,0,1,0,0,2,0,1.1,10,49,6,154382,8027867,27,29.0,48.2,40,26,3,3,81,3,45.9,33.0,617,1192
Ollie Watkins,England,FW,Aston Villa,29.0,1995.0,37,30,2508,16,8,2,2,2,0,15.3,54,29,161,158763,8255665,28,27.8,51.0,56,45,3,6,74,3,55.7,41.5,709,1326
Adam Webster,England,DF,Brighton,30.0,1995.0,13,10,797,0,0,0,0,1,0,0.0,8,48,2,67169,3492781,32,25.7,52.0,60,40,6,6,77,3,56.5,39.7,798,1478
Danny Welbeck,England,FW,Brighton,34.0,1990.0,30,24,2115,10,4,1,1,5,0,9.6,21,47,95,73275,3810307,32,25.7,52.0,60,40,6,6,77,3,56.5,39.7,798,1478
Welington,Brazil,"DF,MF",Southampton,24.0,2001.0,9,5,392,0,0,0,0,1,0,0.0,3,10,19,20137,1047113,36,26.1,48.8,24,15,0,2,89,3,32.0,24.5,628,1114
Timo Werner,Germany,"FW,MF",Tottenham,29.0,1996.0,18,4,516,0,3,0,0,0,0,1.0,42,30,89,201507,10478344,31,25.8,55.2,60,47,2,3,69,1,56.8,43.1,827,1582
Adam Wharton,England,MF,Crystal Palace,20.0,2004.0,20,16,1318,0,2,0,0,2,0,0.4,14,107,11,42744,2222679,29,27.0,43.1,48,37,3,4,80,4,58.7,44.7,491,1140
Ben White,England,DF,Arsenal,27.0,1997.0,16,12,1108,0,1,0,0,2,0,0.5,19,51,35,183188,9525767,25,26.6,56.8,65,53,2,2,70,6,57.6,43.2,830,1764
Mats Wieffer,Netherlands,"MF,DF",Brighton,25.0,1999.0,24,9,925,1,3,0,0,6,0,0.7,18,56,21,73275,3810307,32,25.7,52.0,60,40,6,6,77,3,56.5,39.7,798,1478
Neco Williams,Wales,DF,Nott'ham Forest,24.0,2001.0,34,27,2504,1,3,0,0,7,0,2.3,66,89,98,61063,3175256,23,27.0,40.9,57,42,3,3,88,2,44.3,32.1,610,1079
Willian,Brazil,"FW,MF",Fulham,36.0,1988.0,10,2,257,0,0,0,0,0,0,0.3,11,40,33,117817,6126483,26,28.8,52.4,53,44,3,4,80,2,47.8,36.9,773,1524
Joe Willock,England,"MF,FW",Newcastle Utd,25.0,1999.0,31,11,1041,0,2,0,0,4,0,1.6,38,40,85,97700,5080409,24,28.2,50.9,66,50,5,6,67,1,62.6,45.2,727,1541
Callum Wilson,England,FW,Newcastle Utd,33.0,1992.0,17,2,349,0,0,0,0,1,0,0.4,5,4,16,56178,2921235,24,28.2,50.9,66,50,5,6,67,1,62.6,45.2,727,1541
Harry Wilson,Wales,"FW,MF",Fulham,28.0,1997.0,24,11,1102,6,1,0,0,2,0,4.0,18,50,94,42744,2222679,26,28.8,52.4,53,44,3,4,80,2,47.8,36.9,773,1524
Harry Winks,England,MF,Leicester City,29.0,1996.0,22,17,1538,0,2,0,0,4,0,0.2,19,101,11,109913,5715460,31,27.4,45.6,33,25,2,3,85,0,32.4,25.0,569,1068
Yoane Wissa,Congo DR,FW,Brentford,28.0,1996.0,34,33,2829,19,4,0,0,4,0,18.3,56,64,149,30531,1587628,28,26.6,47.8,64,43,5,6,61,1,57.6,41.3,579,1318
Chris Wood,New Zealand,FW,Nott'ham Forest,33.0,1991.0,35,34,2869,20,3,3,3,1,0,12.6,14,41,91,97700,5080409,23,27.0,40.9,57,42,3,3,88,2,44.3,32.1,610,1079
Luke Woolfenden,England,DF,Ipswich Town,26.0,1998.0,15,12,1187,0,0,0,0,2,0,0.0,7,15,0,9159,476288,32,26.6,40.5,34,25,2,2,91,5,33.6,23.7,488,896
Ryan Yates,England,MF,Nott'ham Forest,27.0,1997.0,34,18,1892,2,1,0,0,10,0,2.3,17,49,15,61063,3175256,23,27.0,40.9,57,42,3,3,88,2,44.3,32.1,610,1079
Leny Yoro,France,DF,Manchester Utd,19.0,2005.0,21,12,1165,0,0,0,0,5,0,0.7,19,52,4,140444,7303088,31,26.3,53.2,40,28,3,3,84,3,49.7,37.9,669,1379
Ashley Young,England,DF,Everton,39.0,1985.0,31,18,1785,1,3,0,0,6,1,0.3,23,89,32,48850,2540205,26,28.8,41.1,38,26,2,2,78,2,40.6,31.5,474,1027
Oleksandr Zinchenko,Ukraine,"DF,MF",Arsenal,28.0,1996.0,14,4,458,0,1,0,0,1,0,0.3,10,37,12,183188,9525767,25,26.6,56.8,65,53,2,2,70,6,57.6,43.2,830,1764
Joshua Zirkzee,Netherlands,"FW,MF",Manchester Utd,24.0,2001.0,32,14,1402,3,1,0,0,2,0,4.8,14,44,69,128231,6668037,31,26.3,53.2,40,28,3,3,84,3,49.7,37.9,669,1379
Martin Ødegaard,Norway,MF,Arsenal,26.0,1998.0,29,26,2309,2,8,1,1,4,0,4.7,91,255,151,293101,15241227,25,26.6,56.8,65,53,2,2,70,6,57.6,43.2,830,1764
